filename,file_size,file_attributes,region_count,region_id,region_shape_attributes,region_attributes
000000241068.jpg,33663,"{""width"":412,""height"":200}",2,0,"{""name"":""polygon"",""all_points_x"":[135.5,144.5,182.5,322.5,331,336,331.5,318,306.5,242.5,138.5],""all_points_y"":[42.55,44.55,42.05,36.05,38.55,81.05,104.05,96.05,68.05,70.05,71.05]}","{""category"":""bed""}"
000000241068.jpg,33663,"{""width"":412,""height"":200}",2,1,"{""name"":""polygon"",""all_points_x"":[69,301.5,309,323,319,314,301,288,0,0.5,40,63,68,70,67,66.5],""all_points_y"":[76,71.5,75,137.5,152.5,158,198,200,199,124,121.5,123,122,116.5,79.5,75]}","{""category"":""bed""}"
000000173081.jpg,102411,"{""width"":640,""height"":349}",4,0,"{""name"":""polygon"",""all_points_x"":[56.08,59.83,109.51,118.82,118.3,132.27,145.21,165.9,178.84,176.77,168.49,173.15,163.84,164.87,163.32,161.77,157.63,157.63,155.04,156.07,157.63,157.11,157.63,135.38,102.78,83.63,78.46,75.36,74.32,74.32,69.3,67.81,62.99,54.09,51.86,52.97,45.18,44.44,36.65,39.25,34.8,38.13,39.62,42.59,43.7,46.37],""all_points_y"":[73.84,71.6,70.57,79.36,90.23,99.54,113,117.14,137.32,146.11,141.46,188.02,192.16,197.86,202.51,208.72,207.69,200.44,197.86,193.72,192.68,188.54,187.51,186.47,191.65,195.27,202.51,206.65,222.17,231.49,230.5,200.82,193.4,196.74,192.66,177.82,162.24,152.59,147.77,126.62,123.65,112.52,104.73,94.72,83.75,76.93]}","{""category"":""bed""}"
000000173081.jpg,102411,"{""width"":640,""height"":349}",4,1,"{""name"":""polygon"",""all_points_x"":[208.62,227.44,259.59,321.55,327.82,276.85,263.51,266.65,241.56,204.69,197.64,208.62],""all_points_y"":[94.11,80,83.92,100.39,100.39,103.52,114.5,130.97,123.13,109.01,102.74,87.05]}","{""category"":""bed""}"
000000173081.jpg,102411,"{""width"":640,""height"":349}",4,2,"{""name"":""polygon"",""all_points_x"":[465.07,462.72,640,639.96,605.46,588.2,575.65,570.95,558.4,548.2,510.56,484.68,474.48,471.35],""all_points_y"":[307.63,179.01,152.34,344.49,344.49,346.06,320.96,339,335.08,321.75,297.43,290.38,290.38,303.71]}","{""category"":""bed""}"
000000173081.jpg,102411,"{""width"":640,""height"":349}",4,3,"{""name"":""polygon"",""all_points_x"":[465.94,407.02,404.3,397.95,393.42,396.14,385.26,378.01,333.59,331.78,327.24,323.62,324.52,319.09,332.68,399.76,509.45,523.95,532.11,539.36,601.01,607.35,607.35,610.07,465.03],""all_points_y"":[230.25,240.22,248.38,252.01,243.85,282.83,283.73,242.03,219.37,233.88,235.69,229.34,159.54,151.38,133.25,134.16,117.84,108.78,89.74,85.21,91.56,120.56,132.35,158.64,180.39]}","{""category"":""bed""}"
000000484627.jpg,81426,"{""width"":640,""height"":421}",7,0,"{""name"":""polygon"",""all_points_x"":[109.74,141.91,207.19,285.71,299.9,528.85,466.41,260.17,75.69,77.58,94.61,108.8],""all_points_y"":[346.26,333.96,326.39,313.15,310.31,414.38,415.32,416.27,414.38,398.29,365.18,350.04]}","{""category"":""bed""}"
000000484627.jpg,81426,"{""width"":640,""height"":421}",7,1,"{""name"":""polygon"",""all_points_x"":[535.04,379.47,392.49,418.92,495.97,640,640,536.94],""all_points_y"":[414.11,346.47,295.32,273.44,262.18,303.87,416.01,414.11]}","{""category"":""bed""}"
000000484627.jpg,81426,"{""width"":640,""height"":421}",7,2,"{""name"":""polygon"",""all_points_x"":[564.04,567.91,578.57,583.41,586.31,597.93,632.31,638.12,640,640,640],""all_points_y"":[280.14,264.64,253.99,253.51,246.25,243.34,237.05,236.56,286.43,304.34,304.34]}","{""category"":""bed""}"
000000484627.jpg,81426,"{""width"":640,""height"":421}",7,3,"{""name"":""polygon"",""all_points_x"":[386.71,405.76,412.43,471.48,526.73,538.16,529.58,443.86,418.14,372.42,357.18,357.18,355.28,349.56,349.56,338.13,340.99,374.33,385.76],""all_points_y"":[140.97,158.11,164.78,172.4,179.07,236.22,244.79,249.55,246.69,232.41,220.98,204.79,195.26,181.93,170.5,153.35,143.83,135.25,132.4]}","{""category"":""bed""}"
000000484627.jpg,81426,"{""width"":640,""height"":421}",7,4,"{""name"":""polygon"",""all_points_x"":[144.1,171.41,187.43,205.32,210.03,211.91,215.68,226.04,228.87,228.87,232.63,292.91,295.74,299.5,304.21,312.69,313.63,309.86,292.91,267.48,234.52,226.98,203.44,202.49,192.13,169.53,153.52,143.16,138.45,137.51,150.69,147.87],""all_points_y"":[189.4,200.7,238.38,246.85,256.27,256.27,247.79,215.77,268.51,268.51,245.91,238.38,267.57,268.51,241.2,244.03,210.12,200.7,187.52,181.87,168.68,164.91,165.85,154.55,147.96,143.25,145.13,146.08,158.32,161.14,173.39,184.69]}","{""category"":""bed""}"
000000484627.jpg,81426,"{""width"":640,""height"":421}",7,5,"{""name"":""polygon"",""all_points_x"":[184.48,186.38,181.64,172.18,174.08,136.23,121.1,98.39,87.69,94.5,89.64,83.31,80.4,77.48,65.32,65.81,53.16,43.92,29.82,19.12,17.17,18.63,11.34,20.58,43.92,74.56,92.07,93.04,93.04,112.49,148.48,165.99,171.34,184.96],""all_points_y"":[234.34,262.72,263.66,282.59,250.42,235.28,222.98,223.93,224.33,293.87,295.33,253.02,271.02,278.31,272.96,262.75,257.88,251.56,229.68,220.92,182.5,168.89,166.45,148.95,145.05,145.05,154.78,170.83,170.83,179.1,192.23,200.5,201.96,233.57]}","{""category"":""bed""}"
000000484627.jpg,81426,"{""width"":640,""height"":421}",7,6,"{""name"":""polygon"",""all_points_x"":[4.29,23.13,30.42,45.62,45.62,43.19,40.15,32.85,21.31,25.56,12.8,0,0],""all_points_y"":[224.76,225.36,233.26,261.83,278.24,300.72,300.72,290.39,283.7,295.86,298.9,300.72,226.58]}","{""category"":""bed""}"
000000046433.jpg,114311,"{""width"":640,""height"":365}",2,1,"{""name"":""polygon"",""all_points_x"":[533.82,547.03,553.63,552.69,556.46,565.89,576.27,587.58,594.19,636.63,640,640,498.93,489.5,484.78,491.38,503.64,523.45,546.09,573.44,576.27,588.53,575.32,569.66,555.52,545.14,530.99,526.28,537.6,551.74,558.35,547.03,552.69],""all_points_y"":[32.16,28.39,26.5,26.5,19.9,17.07,14.24,9.52,1.98,1.98,1.98,365,365,357.55,348.11,317.93,294.35,286.81,275.49,248.14,229.28,210.41,194.38,171.74,152.88,140.62,132.13,127.42,119.87,114.21,91.58,84.97,57.62]}","{""category"":""bed""}"
000000374576.jpg,101139,"{""width"":640,""height"":425}",1,0,"{""name"":""polygon"",""all_points_x"":[89.37,94.13,99.83,115.04,120.75,319.46,350.84,352.74,361.3,361.3,360.35,323.27,313.76,326.12,319.46,318.51,318.51,311.86,259.56,257.66,247.2,216.78,154.03,107.44,105.54,113.14,113.14,117.9,81.77,82.72],""all_points_y"":[291.98,402.27,413.68,404.17,382.31,322.41,318.6,330.01,324.31,289.13,280.57,263.46,257.75,241.59,230.18,216.87,196.9,187.4,190.25,205.46,212.12,221.62,230.18,229.23,229.23,250.15,258.7,263.46,284.38,291.03]}","{""category"":""bed""}"
000000097592.jpg,88811,"{""width"":500,""height"":303}",6,0,"{""name"":""polygon"",""all_points_x"":[159.72,157.37,158.94,166.77,180.86,187.91,196.52,210.61,212.18,219.22,334.32,346.06,357.81,362.5,352.33,336.67,328.84,304.57,248.19,189.47,158.94],""all_points_y"":[96.38,111.25,123.78,126.91,126.91,126.91,125.35,130.04,134.74,137.09,136.31,130.83,102.64,76.02,57.23,55.66,72.89,85.42,95.6,96.38,96.38]}","{""category"":""bed""}"
000000097592.jpg,88811,"{""width"":500,""height"":303}",6,1,"{""name"":""polygon"",""all_points_x"":[111.55,160.6,196.99,217.56,234.17,249.2,243.67,212.02,189.08,131.33,78.32,19.78,4.75,3.96,20.57,31.64,44.3,75.95,109.97,113.13],""all_points_y"":[177.8,173.06,165.94,159.61,181.76,191.25,218.15,228.44,238.72,245.84,246.63,249.01,245.84,169.89,185.72,185.72,192.84,196.79,181.76,173.06]}","{""category"":""bed""}"
000000097592.jpg,88811,"{""width"":500,""height"":303}",6,2,"{""name"":""polygon"",""all_points_x"":[117.49,111.18,112.29,173.93,208.83,212.17,215.52,211.8,207.72,193.98,186.92,179.5,151.65,121.94,121.94,141.25,150.54,155.36,159.45,159.82,120.46],""all_points_y"":[155.05,174.73,175.85,170.65,163.97,162.11,154.68,140.94,131.66,123.12,126.09,124.61,127.2,128.69,141.31,136.49,141.69,149.11,152.45,155.05,155.05]}","{""category"":""bed""}"
000000097592.jpg,88811,"{""width"":500,""height"":303}",6,3,"{""name"":""polygon"",""all_points_x"":[161.74,246.38,305.63,331.58,337.79,353.02,363.18,355.85,347.95,335.53,220.42,212.52,210.26,194.46,178.67,165.69,160.61,158.92],""all_points_y"":[96.53,96.53,86.94,71.14,54.77,59.29,78.47,104.99,127,136.03,136.59,134.9,129.82,124.18,125.31,124.18,123.05,108.38]}","{""category"":""bed""}"
000000097592.jpg,88811,"{""width"":500,""height"":303}",6,4,"{""name"":""polygon"",""all_points_x"":[14.91,36.11,50.24,62.01,69.08,75.36,182.9,228.43,270.82,285.73,292.01,336.75,343.82,346.96,4.71,4.71,6.28],""all_points_y"":[255.59,254.8,247.74,251.66,246.17,248.52,241.46,235.18,224.19,227.33,227.33,262.65,286.99,297.98,298.76,280.71,269.72]}","{""category"":""bed""}"
000000097592.jpg,88811,"{""width"":500,""height"":303}",6,5,"{""name"":""polygon"",""all_points_x"":[347.85,348.73,350.93,360.6,364.56,379.95,387.42,422.16,433.15,443.26,445.9,407.21,380.39,381.27,384.35,378.19,375.11,374.23,354.01,355.33,355.33,351.81],""all_points_y"":[168.89,126.68,114.37,111.29,106.9,106.46,120.09,117.45,133.72,135.04,148.67,152.18,149.98,183.84,190.43,191.31,186.92,168.45,153.5,167.57,171.53,173.73]}","{""category"":""bed""}"
000000029793.jpg,105871,"{""width"":500,""height"":310}",2,0,"{""name"":""polygon"",""all_points_x"":[245.91,245.91,255.66,255.66,275.87,293.98,313.48,320.45,327.42,339.26,355.28,370.61,400.56,436.79,496,500,498.79,500,500,389.42,342.74,292.58,270.29,262.63,243.12,238.94,243.12],""all_points_y"":[204.81,157.44,144.2,140.72,142.11,135.15,130.97,134.45,161.62,181.12,184.61,180.43,193.66,202.02,208.29,211.08,238.94,292.58,302.34,306.52,291.19,278.65,266.81,245.21,231.98,220.13,205.51]}","{""category"":""bed""}"
000000506943.jpg,110118,"{""width"":640,""height"":480}",1,0,"{""name"":""polygon"",""all_points_x"":[1.08,158.21,163.59,171.12,175.43,198.03,210.94,219.55,231.39,233.54,361.61,408.97,431.57,477.85,490.76,623.14,625.29,632.83,638.21,0,0],""all_points_y"":[245.38,238.92,237.85,222.78,217.4,217.4,221.7,223.86,234.62,242.15,234.62,228.16,247.53,244.3,246.46,350.85,355.16,358.39,466.01,471.39,244.3]}","{""category"":""bed""}"
000000133876.jpg,150352,"{""width"":640,""height"":359}",1,0,"{""name"":""polygon"",""all_points_x"":[4.84,37.92,54.86,75.03,106.49,109.72,111.33,115.36,117.78,99.23,91.16,92.78,192,215.4,248.48,331.57,344.48,378.36,385.62,391.27,349.32,346.09,326.73,256.54,116.17,0.81,0,9.68],""all_points_y"":[299.3,286.39,274.29,258.16,239.6,221.05,204.11,197.65,193.62,196.84,183.94,171.84,168.61,159.73,152.47,152.47,141.99,128.27,131.5,121.82,116.17,134.73,133.92,141.99,151.67,144.41,300.91,300.91]}","{""category"":""bed""}"
000000083110.jpg,122658,"{""width"":500,""height"":475}",1,0,"{""name"":""polygon"",""all_points_x"":[111.01,118.48,112.08,124.89,124.89,1.07,1.07,52.3,67.25,92.87,99.27],""all_points_y"":[289.34,297.88,377.94,440.91,467.6,469.73,354.45,326.7,311.76,312.82,297.88]}","{""category"":""bed""}"
000000476939.jpg,172705,"{""width"":514,""height"":640}",1,0,"{""name"":""polygon"",""all_points_x"":[258.3,200.9,63.14,34.44,2.87,0,251.12],""all_points_y"":[639.71,576.57,417.29,379.98,382.85,635.41,640]}","{""category"":""bed""}"
000000015386.jpg,175622,"{""width"":640,""height"":480}",1,0,"{""name"":""polygon"",""all_points_x"":[167.44,409.3,470.08,507.29,525.89,550.7,594.11,611.47,620.16,632.56,631.32,626.36,626.36,615.19,604.03,602.79,344.81,343.57,332.4,303.88,131.47,143.88,156.28,167.44,169.92],""all_points_y"":[370.97,475.16,480,480,480,436.71,362.29,317.64,279.19,224.62,210.97,201.05,189.89,182.45,210.97,213.45,178.72,165.08,168.8,178.72,188.65,238.26,265.55,310.2,343.69]}","{""category"":""bed""}"
000000437119.jpg,191657,"{""width"":480,""height"":640}",2,1,"{""name"":""polygon"",""all_points_x"":[70.47,73.35,96.36,56.09,57.53,89.17,99.24,89.69,88.08,89.59,89.19,89.59,86.98,89.49,94.31,99.83,103.25,105.66,104.45,103.55,106.36,105.86,104.35,108.47,109.77,119.42,130.06,136.99,139,186.1,209.5,229.29,249.97,270.56,291.15,310.43,331.22,351.71,478.96,480,480,479.37,194.72,61.82],""all_points_y"":[550.83,399.82,327.91,316.4,248.81,244.49,182.65,133.7,126.78,122.86,119.44,115.63,110.2,103.98,102.47,102.97,106.19,110.91,116.23,117.23,119.64,122.56,123.36,128.18,128.38,126.37,119.74,111.41,107.49,106.89,104.78,103.98,103.07,102.07,100.76,100.16,99.16,98.05,91.62,222.5,295.65,639.51,640,638.82]}","{""category"":""bed""}"
000000106356.jpg,190854,"{""width"":640,""height"":480}",2,1,"{""name"":""polygon"",""all_points_x"":[147.12,99.74,67.32,56.1,38.65,73.56,64.83,124.68,133.4,132.16,187.01,340.36,455.06,493.71,639.58,640,608.42,599.69,518.65,380.26,334.13,275.53],""all_points_y"":[216.94,261.82,231.9,226.91,234.39,274.29,334.13,364.05,385.25,395.22,432.62,448.83,446.34,471.27,473.77,335.38,234.39,200.73,204.47,244.36,315.43,261.82]}","{""category"":""bed""}"
000000334416.jpg,146179,"{""width"":640,""height"":426}",1,0,"{""name"":""polygon"",""all_points_x"":[380.05,371.43,411.64,408.77,420.26,428.87,429.83,468.12,471.95,484.4,493.97,499.71,513.11,515.03,538.96,543.75,555.24,569.6,575.34,583,591.61,596.4,610.76,623.2,627.99,618.42,595.44,571.51,560.02,538.96,532.26,529.39,472.91,475.78,474.82,464.29,445.15,426.96,421.21,417.38,403.98,387.71],""all_points_y"":[269.96,293.89,387.71,393.45,400.15,402.07,403.02,403.02,388.67,381.96,359.95,350.37,357.07,372.39,391.54,373.35,367.6,361.86,343.67,340.8,345.59,359.95,370.48,382.92,389.62,332.18,307.29,292.93,307.29,300.59,293.89,302.51,292.93,281.45,271.87,270.92,270.92,270.92,270.92,264.22,264.22,264.22]}","{""category"":""bed""}"
000000329789.jpg,59209,"{""width"":640,""height"":428}",1,0,"{""name"":""polygon"",""all_points_x"":[24.04,309.7,308.74,356.83,374.14,379.91,350.09,351.06,252.95,236.6,242.37,240.45,210.63,146.19,104.84,91.37,100.99,94.26,133.69,132.73,73.1,66.36,35.59,28.85,3.85,0.96],""all_points_y"":[0,66.36,92.33,109.64,102.91,360.67,328.93,245.26,244.3,205.82,152.93,100.99,69.25,65.4,100.03,133.69,171.2,185.63,236.6,250.07,255.84,283.73,301.04,247.18,246.22,0.96]}","{""category"":""bed""}"
000000331883.jpg,108835,"{""width"":640,""height"":449}",1,0,"{""name"":""polygon"",""all_points_x"":[117.04,43.39,37.33,47.42,63.57,90.81,105.94,132.18,157.4,181.62,208.86,212.9,273.44,299.67,328.93,346.08,365.25,376.35,417.72,423.78,446.98,495.41,504.49,498.44],""all_points_y"":[293.62,260.32,203.82,200.79,213.91,217.94,225,228.03,213.91,219.96,211.89,220.97,203.82,186.66,180.61,170.52,173.55,162.45,148.32,143.28,132.18,148.32,159.42,191.71]}","{""category"":""bed""}"
000000425266.jpg,162082,"{""width"":640,""height"":406}",1,0,"{""name"":""polygon"",""all_points_x"":[404.37,401.68,398.65,397.64,395.63,402.02,400,474.98,477,476.33,477.34,476.33],""all_points_y"":[195.83,220.38,228.45,241.9,244.93,246.27,255.69,257.7,232.48,210.29,195.49,193.48]}","{""category"":""bed""}"
000000178671.jpg,92817,"{""width"":640,""height"":500}",1,0,"{""name"":""polygon"",""all_points_x"":[420.4,640,640,623.32,616.59,140.13,115.47,143.5,220.85,377.8,392.38,426.01],""all_points_y"":[215.99,250.75,432.36,436.85,490.66,495.14,358.37,316.89,300.07,274.29,240.66,238.42]}","{""category"":""bed""}"
000000195894.jpg,202104,"{""width"":640,""height"":444}",1,0,"{""name"":""polygon"",""all_points_x"":[438.01,570.71,585.68,607.63,640,640,603.64,577.7,543.78,515.84,501.87,483.91,470.94,451.98,431.03],""all_points_y"":[270.22,273.22,247.28,243.29,251.27,437.85,438.84,429.87,427.87,428.87,417.89,379.98,369,349.05,316.12]}","{""category"":""bed""}"
000000203128.jpg,158581,"{""width"":640,""height"":426}",1,0,"{""name"":""polygon"",""all_points_x"":[0,9.53,37.17,66.71,121.03,196.32,255.41,326.89,414.56,480.32,525.11,588.97,626.13,640,636.62,0.95],""all_points_y"":[331.74,192.6,171.64,150.67,91.58,72.52,68.71,60.13,71.57,71.57,61.09,61.09,64.9,77.29,420.37,426]}","{""category"":""bed""}"
000000094021.jpg,95767,"{""width"":640,""height"":487}",1,0,"{""name"":""polygon"",""all_points_x"":[0,544.74,583.96,613.38,624.28,635.17,638.44,634.08,0],""all_points_y"":[2.28,1.19,20.81,37.15,48.04,46.95,49.13,479.48,479.48]}","{""category"":""bed""}"
000000291541.jpg,95596,"{""width"":640,""height"":491}",1,0,"{""name"":""polygon"",""all_points_x"":[635.09,640,87.56,1.11,4.43,635.09],""all_points_y"":[481.86,4.16,5.26,4.16,481.86,481.86]}","{""category"":""bed""}"
000000225715.jpg,172531,"{""width"":640,""height"":431}",1,0,"{""name"":""polygon"",""all_points_x"":[140.42,255.48,298.38,339.34,359.82,369.57,407.6,433.93,488.53,556.79,609.45,628.95,608.47,547.04,231.1,207.7,149.19,119.94,137.49,140.42,140.42],""all_points_y"":[179.42,177.47,177.47,176.5,180.4,206.72,223.3,226.23,232.08,233.05,276.93,346.17,363.72,426.12,422.22,422.22,416.37,340.31,305.21,290.58,250.6]}","{""category"":""bed""}"
000000150874.jpg,71378,"{""width"":640,""height"":353}",1,0,"{""name"":""polygon"",""all_points_x"":[266.73,323.72,584.9,637.93,523.96,539.79,510.5,504.17,432.94],""all_points_y"":[231.86,348.21,345.05,298.35,244.53,235.82,225.53,246.9,217.62]}","{""category"":""bed""}"
000000029308.jpg,80646,"{""width"":640,""height"":368}",1,0,"{""name"":""polygon"",""all_points_x"":[1.65,191.82,192.64,213.23,368.82,396.81,393.52,386.11,379.53,369.65,364.71,354,351.53,321.07,71.62,1.65],""all_points_y"":[151.56,144.97,196.02,215.78,229.77,288.22,290.69,289.87,283.28,295.63,295.63,307.98,309.63,362.32,362.32,336.8]}","{""category"":""bed""}"
000000483001.jpg,106324,"{""width"":640,""height"":422}",1,0,"{""name"":""polygon"",""all_points_x"":[1.89,130.57,153.28,163.69,166.53,200.59,205.32,348.2,346.3,208.16,203.43,201.54,0],""all_points_y"":[317.6,405.6,395.19,415.06,397.08,408.44,376.27,264.62,216.36,205.01,199.33,139.72,134.99]}","{""category"":""bed""}"
000000384375.jpg,134418,"{""width"":640,""height"":358}",1,0,"{""name"":""polygon"",""all_points_x"":[178.7,172.93,166.52,154.98,153.05,146,136.38,131.89,125.48,120.99,115.22,110.09,97.91,93.42,88.29,90.22,83.8,83.8,97.91,103.68,99.19,99.19,106.89,124.84,151.13,162.03,178.7,198.58,240.26,258.85,284.5,310.79,319.13,325.54,319.77,313.36,280.01,251.8,246.03,242.18,240.9,235.13,228.08,221.66,214.61,205.63,193.45,189.6,181.27],""all_points_y"":[163.49,163.49,156.43,155.15,155.15,152.59,152.59,156.43,157.07,157.07,159,162.85,164.77,165.41,167.33,181.44,180.16,202.6,198.11,212.22,214.14,246.84,254.54,279.54,295.57,294.29,283.39,272.49,262.87,255.18,244.92,234.02,226.97,220.55,207.09,196.19,192.98,187.21,183.36,174.39,164.13,156.43,154.51,152.59,150.66,151.3,157.72,161.56,162.2]}","{""category"":""bed""}"
000000108674.jpg,82730,"{""width"":500,""height"":375}",1,0,"{""name"":""polygon"",""all_points_x"":[168.45,173.53,121.05,119.36,116.82,110.05,100.73,104.97,202.31,181.15,186.23,218.4,223.48,301.35,301.35,296.28,353.84,366.53,381.77,393.62,390.24,375.85,324.21,325.9,325.9,325.9,325.9,324.21,319.98,277.65,245.49,231.94,176.92],""all_points_y"":[116.61,202.95,235.12,185.17,152.16,152.16,290.14,318.92,329.08,295.22,269.82,268.13,221.57,228.34,242.73,279.13,277.44,297.76,310.45,198.72,154.7,159.78,193.64,180.09,163.16,134.38,129.3,116.61,118.3,126.76,131,131,118.3]}","{""category"":""bed""}"
000000452724.jpg,127548,"{""width"":640,""height"":394}",1,0,"{""name"":""polygon"",""all_points_x"":[334.06,462.75,579.1,580.86,617,619.65,596.73,593.2,570.29,553.54,537.67,524.45,513.87,502.42,498.01,485.67,474.21,463.63,449.53,440.72,436.31,436.31,423.09,419.56,330.54,326.13,332.3],""all_points_y"":[281.26,360.59,306.82,253.06,253.94,230.14,225.73,205.46,197.53,193.12,193.12,198.41,201.05,200.17,197.53,196.64,192.24,191.36,192.24,198.41,201.93,211.63,215.15,227.49,240.72,264.51,271.57]}","{""category"":""bed""}"
000000314779.jpg,123687,"{""width"":640,""height"":407}",1,0,"{""name"":""polygon"",""all_points_x"":[61.28,82.31,107.01,107.01,117.98,121.64,146.34,202.13,217.68,220.42,223.16,222.25,203.96,198.47,293.59,323.77,332,338.4,328.34,265.24,245.11,234.14,233.22,232.31,229.57,51.22,51.22,53.05,58.53,60.36],""all_points_y"":[268.89,298.16,330.17,338.4,343.89,351.21,351.21,323.77,320.11,310.97,299.99,292.67,285.36,270.72,243.29,237.8,244.2,244.2,224.99,214.02,212.19,202.13,189.32,177.43,172.86,171.95,220.42,238.71,255.18,261.58]}","{""category"":""bed""}"
000000560908.jpg,115116,"{""width"":640,""height"":386}",1,0,"{""name"":""polygon"",""all_points_x"":[365.09,365.09,360.73,349.4,222.19,203.89,217.83,218.7,233.52,268.37,379.03,446.99,526.28,548.07,552.42,552.42,561.14],""all_points_y"":[197.57,222.84,221.97,244.63,275.12,320.43,323.05,336.99,355.29,380.55,378.81,379.68,380.55,377.07,333.5,291.68,205.42]}","{""category"":""bed""}"
000000518818.jpg,231529,"{""width"":480,""height"":640}",1,0,"{""name"":""polygon"",""all_points_x"":[23.12,27.45,14.45,4.33,5.78,4.33,478.19,480],""all_points_y"":[44.42,81.99,80.54,187.45,206.23,629.53,629.53,32.87]}","{""category"":""bed""}"
000000413600.jpg,161566,"{""width"":640,""height"":480}",1,0,"{""name"":""polygon"",""all_points_x"":[11.29,14.68,15.81,14.68,1.13,2.26,12.42,25.98,58.73,118.59,179.58,247.34,274.45,274.45,293.65,324.14,335.44,344.47,348.99,339.95,341.08,638.12,636.99,640,635.86,629.08,620.05,612.14,605.36,604.24,599.72,595.2,582.78,580.52,570.35,571.48,344.47,59.86,14.68],""all_points_y"":[422.81,411.52,395.71,390.06,384.41,350.53,318.91,305.36,290.67,285.03,275.99,264.7,259.05,254.53,248.88,247.76,251.14,248.88,239.85,238.72,47.85,6.21,206.12,330.35,384.56,429.74,462.49,468.14,462.49,450.07,450.07,452.33,452.33,465.88,471.53,476.05,474.92,476.05,424.09]}","{""category"":""bed""}"
000000221000.jpg,183279,"{""width"":640,""height"":480}",1,0,"{""name"":""polygon"",""all_points_x"":[37.67,34.44,30.13,38.74,41.97,51.66,68.88,87.17,130.22,198.03,231.39,275.52,299.19,343.32,391.75,413.27,417.58,472.47,528.43,588.7,629.6,640,640],""all_points_y"":[472.47,449.87,414.35,372.38,346.55,322.87,299.19,276.59,262.6,269.06,297.04,293.81,294.89,309.96,299.19,283.05,260.45,247.53,237.85,223.86,208.79,184.04,472.47]}","{""category"":""bed""}"
000000202436.jpg,127321,"{""width"":640,""height"":456}",1,0,"{""name"":""polygon"",""all_points_x"":[85.61,130.53,179.77,191,203.09,211.73,207.41,220.36,224.68,251.46,317.11,324.02,358.57,409.54,418.17,425.95,432.86,431.13,434.59,470,514.05,545.15,552.93,477.78,380.17,317.97,214.32,145.21,86.48,76.97],""all_points_y"":[449.75,403.1,354.73,334.86,314.13,302.9,251.07,249.35,247.62,248.48,242.44,248.48,250.21,242.44,240.71,247.62,295.13,312.4,327.09,369.41,410.01,448.02,455.79,456,451.47,454.93,453.2,453.2,455.79,455.79]}","{""category"":""bed""}"
000000425620.jpg,196379,"{""width"":612,""height"":612}",2,0,"{""name"":""polygon"",""all_points_x"":[298.44,523.98,539.11,8.25,5.5,302.56],""all_points_y"":[413.54,505.68,599.2,601.95,501.56,410.79]}","{""category"":""bed""}"
000000425620.jpg,196379,"{""width"":612,""height"":612}",2,1,"{""name"":""polygon"",""all_points_x"":[4.14,544.46,543.08,538.95,534.81,534.81,536.19,545.84,536.19,537.57,541.7,541.7,541.7,532.05,516.89,507.24,507.24,497.59,486.57,483.81,454.86,423.16,336.32,304.62,300.49,292.22,272.92,264.65,245.35,238.46,223.3,213.65,199.86,192.97,190.22,187.46,175.05,148.86,121.3,104.76,74.43,33.08,15.16,11.03,1.38,1.38],""all_points_y"":[491.39,342.53,327.36,321.85,303.93,292.91,273.61,254.31,236.39,226.74,204.69,181.26,175.74,156.45,156.45,179.88,184.01,184.01,182.64,174.36,168.85,168.85,167.47,167.47,179.88,185.39,185.39,185.39,190.91,197.8,207.45,207.45,207.45,200.55,189.53,184.01,184.01,185.39,188.15,184.01,178.5,177.12,177.12,179.88,185.39,185.39]}","{""category"":""bed""}"
000000132121.jpg,50476,"{""width"":640,""height"":271}",1,0,"{""name"":""polygon"",""all_points_x"":[64.84,64.84,64.23,61.79,49.37,91.76,110.72,161.5,158.44,160.89,234.91,264.88,259.99,253.26,187.19,186.58,182.91,182.3,179.24,177.4,171.9,162.11,72.8,66.07],""all_points_y"":[144.83,157.06,157.06,157.68,176.82,249.44,248.82,227.41,225.58,194.99,173.58,186.43,173.58,163.18,151.56,150.95,142.38,140.55,136.88,136.26,134.43,135.65,139.32,142.38]}","{""category"":""bed""}"
000000581450.jpg,159169,"{""width"":640,""height"":429}",1,0,"{""name"":""polygon"",""all_points_x"":[414.85,409.59,388,386.61,412.08,433.4,440.6,444.2,444.2,445.31,480.19,529.19,551.62,549.68,548.85,549.12,535.84,535.01,532.79,523.38,510.64,495.14,484.07,477.97,471.33,463.3,454.17,443.65,435.06,432.85,424.82,418.73,416.51],""all_points_y"":[298.71,296.5,289.02,247.22,247.49,245.56,242.79,224.24,213.44,211.23,212.33,213.16,213.72,235.87,258.01,269.92,269.09,280.99,295.67,299.82,302.59,307.29,312.83,316.43,313.66,306.74,304.25,302.86,304.25,305.36,299.82,296.77,297.6]}","{""category"":""bed""}"
000000168837.jpg,80798,"{""width"":640,""height"":406}",1,0,"{""name"":""polygon"",""all_points_x"":[3.64,150.2,192.99,196.63,224.85,259.44,304.04,324.07,331.35,335,348.65,356.84,377.78,399.63,405.09,423.3,449.7,462.44,478.83,487.93,502.49,535.26,548.01,558.93,563.48,557.11,576.23,639.95,640,639.95,3.64],""all_points_y"":[254.89,251.25,251.25,243.96,233.95,233.95,238.5,242.14,242.14,202.09,165.68,146.56,151.11,156.57,156.57,149.29,166.59,168.41,137.46,116.52,107.42,121.98,112.88,101.04,88.3,69.18,57.35,49.16,163.86,399.63,399.63]}","{""category"":""bed""}"
000000213008.jpg,141042,"{""width"":640,""height"":425}",1,0,"{""name"":""polygon"",""all_points_x"":[45.84,271.24,283.65,351.46,379.16,557.75,561.57,590.22,580.67,640,625.56,609.33,605.51,561.57,373.43,166.18,72.58,44.89,0,0,25.79,42.02,63.03],""all_points_y"":[293.2,253.09,206.29,179.55,177.64,186.24,200.56,203.43,225.39,236.85,337.13,340,402.08,425,422.13,425,424.04,372.47,379.16,332.36,319.94,293.2,293.2]}","{""category"":""bed""}"
000000264110.jpg,81744,"{""width"":640,""height"":480}",1,0,"{""name"":""polygon"",""all_points_x"":[544.86,567.57,588.11,584.86,590.27,598.92,600,607.57,597.84,582.7,588.11,575.14,558.92,552.43,550.27,550.27,3.24,5.41,16.22,36.76,28.11,29.19,61.62,87.57,121.08,204.32,310.27,406.49,480,545.95],""all_points_y"":[134.05,109.19,117.84,154.59,185.95,257.3,296.22,349.19,358.92,370.81,382.7,395.68,417.3,436.76,460.54,470.27,478.92,171.89,171.89,155.68,141.62,118.92,95.14,83.24,62.7,67.03,64.86,85.41,112.43,136.22]}","{""category"":""bed""}"
000000313593.jpg,89225,"{""width"":640,""height"":480}",1,0,"{""name"":""polygon"",""all_points_x"":[0,0,4.31,63.64,82.92,82.18,104.43,120,178.59,402.57,573.15,579.82,585.01,613.94,638.41,640,546.45,189.72,0,0],""all_points_y"":[275.3,199.65,184.82,293.84,322.76,350.95,389.51,382.84,391.74,399.15,396.93,378.39,375.42,362.07,393.22,480,480,480,480,347.98]}","{""category"":""bed""}"
000000032677.jpg,282620,"{""width"":458,""height"":640}",2,1,"{""name"":""polygon"",""all_points_x"":[1.43,2.86,65.86,124.56,48.68,24.34,18.61,18.61,21.48,22.91,17.18,17.18,17.18,25.77,34.36,45.82,54.41,58.7,75.88,111.68,133.15,154.63,161.79,187.56,214.77,224.79,234.81,303.53,325.01,339.33,360.81,382.28,395.17,419.51,422.37,363.67,363.67,363.67,357.94,325.01,322.15,327.87,349.35,375.12,382.28,400.89,415.21,428.1,429.53,429.53,428.1,455.3,458,458,458],""all_points_y"":[638.84,256.55,269.44,262.28,303.8,353.91,378.26,409.75,418.34,424.07,439.82,439.82,441.25,461.3,469.89,481.34,482.77,485.64,487.07,489.93,488.5,485.64,485.64,482.77,491.36,501.39,514.27,521.43,525.73,547.2,571.54,604.47,610.2,615.93,580.13,511.41,489.93,479.91,464.16,464.16,438.39,424.07,418.34,411.19,395.44,368.23,355.35,343.89,325.28,312.39,286.62,275.17,275.17,568.68,640]}","{""category"":""bed""}"
000000031280.jpg,80258,"{""width"":333,""height"":500}",1,0,"{""name"":""polygon"",""all_points_x"":[325.5,50.34,4.47,3.36,196.87,209.17,331.1,331.1,314.32],""all_points_y"":[350.52,378.49,384.08,239.79,242.02,276.7,321.44,351.64,352.76]}","{""category"":""bed""}"
000000111211.jpg,95929,"{""width"":640,""height"":480}",1,0,"{""name"":""polygon"",""all_points_x"":[312.48,332.89,374.77,433.83,477.85,500.4,505.77,517.58,533.69,554.09,576.64,583.09,588.46,640,640,640,336.11,320,320,326.44,329.66,328.59,320,316.78,309.26],""all_points_y"":[391.03,382.44,370.62,353.44,347,343.78,336.26,338.41,341.63,334.11,322.3,284.72,281.5,292.23,464.05,472.64,473.71,462.97,439.35,430.76,429.68,401.76,401.76,396.4,392.1]}","{""category"":""bed""}"
000000296724.jpg,166434,"{""width"":426,""height"":640}",1,0,"{""name"":""polygon"",""all_points_x"":[38.37,185.49,252.37,291.46,296.61,295.58,301.75,319.24,333.64,332.62,332.62,338.79,339.82,343.93,342.9,306.89,298.66,297.63,292.49,280.14,263.68,252.37,245.16,238.99,226.64,223.56,224.59,227.67,230.76,200.92,180.35,163.88,153.6,151.54,145.37,145.37,139.19,126.85,110.38,93.92,81.58,69.23,73.35,78.49,63.06,48.65,38.37,37.34],""all_points_y"":[398.17,390.96,383.76,381.7,379.65,347.75,339.52,339.52,335.41,319.97,307.63,294.25,275.73,262.36,258.24,250.01,245.9,233.55,232.52,236.64,234.58,233.55,232.52,232.52,281.91,286.02,264.42,245.9,238.69,233.55,229.43,226.35,224.29,259.27,273.68,287.05,291.17,284.99,277.79,271.62,262.36,262.36,245.9,229.43,228.41,228.41,228.41,401.25]}","{""category"":""bed""}"
000000205636.jpg,95041,"{""width"":640,""height"":480}",1,0,"{""name"":""polygon"",""all_points_x"":[252.91,122.69,40.9,31.21,2.15,2.15,15.07,23.68,21.52,21.52,1.08,2.15,38.74,62.42,90.4,152.83,161.43,22.6,2.15,0,0,322.87,639.28,640,392.83,388.52,399.28,405.74,394.98,389.6,406.82,427.26,419.73,415.43,356.23,302.42,281.97,191.57,187.26,192.65,202.33,220.63,233.54,243.23,245.38,238.92,237.85,243.23,248.61],""all_points_y"":[263.25,257.87,258.94,296.61,300.91,331.05,333.2,352.57,382.71,395.62,396.7,408.54,404.23,402.08,415,436.52,440.83,456.97,448.36,473.11,479.57,480,480,270.78,266.48,276.16,309.52,321.36,336.43,346.12,368.72,373.02,403.16,425.76,436.52,425.76,421.45,409.61,395.62,377.33,357.96,347.19,335.35,305.22,300.91,296.61,285.85,272.93,268.63]}","{""category"":""bed""}"
000000041110.jpg,68453,"{""width"":640,""height"":480}",1,0,"{""name"":""polygon"",""all_points_x"":[0,11,27.13,36.87,50.97,61.39,70.45,82.21,92.29,102.36,111.09,117.14,127.22,137.96,147.03,157.45,171.55,178.94,179.95,0.26],""all_points_y"":[460.61,461.62,463.3,463.64,464.31,464.64,465.65,465.65,464.98,464.64,464.64,465.65,467.33,469.68,472.37,474.72,476.73,479.76,480,479.42]}","{""category"":""bed""}"
000000262576.jpg,86443,"{""width"":640,""height"":480}",1,0,"{""name"":""polygon"",""all_points_x"":[134.83,159.64,240.54,432.54,525.3,524.22,422.83,406.65,552.27,640,639.64,3.24,2.16,50.7,88.45,100.31,135.91],""all_points_y"":[262.86,303.85,302.77,310.32,302.77,286.59,274.73,251,252.07,266.1,466.73,472.12,372.88,310.32,284.43,263.94,265.02]}","{""category"":""bed""}"
000000419816.jpg,70141,"{""width"":640,""height"":427}",2,0,"{""name"":""polygon"",""all_points_x"":[453.75,482.4,502.47,520.62,512.97,486.23,457.57,424.13,398.34,376.37,393.57,401.21,419.36,437.51,448.02,455.66,509.15,564.56,576.02,601.81,640,637.16,137.56,186.28,247.41,314.28,358.22,381.15,415.54,455.66],""all_points_y"":[364.05,303.86,224.58,179.68,149.11,135.74,138.6,148.16,174.9,194.01,151.02,137.65,118.54,87.98,52.63,42.12,78.42,110.9,121.41,113.77,89.89,427,427,386.97,365,352.58,344.94,344.94,362.13,367.87]}","{""category"":""bed""}"
000000419816.jpg,70141,"{""width"":640,""height"":427}",2,1,"{""name"":""polygon"",""all_points_x"":[0.96,47.12,107.71,146.18,180.8,226.96,254.85,283.7,326.98,353.91,361.6,363.53,315.44,310.63,299.09,286.59,269.28,235.62,224.08,222.16,207.73,191.38,192.34,214.46,223.12,203.88,183.69,175.99,175.99,175.03,161.57,146.18,118.29,83.67,48.09,2.89],""all_points_y"":[172.63,169.74,191.86,198.59,192.82,183.21,172.63,155.32,138.01,132.24,132.24,107.23,93.77,59.15,32.22,63.95,50.49,29.33,43.76,46.64,50.49,63.95,69.72,77.42,80.3,106.27,135.12,143.78,143.78,150.51,158.2,159.16,149.55,151.47,152.43,160.13]}","{""category"":""bed""}"
000000184386.jpg,62167,"{""width"":582,""height"":416}",1,0,"{""name"":""polygon"",""all_points_x"":[223.36,222.43,216.84,219.63,233.59,241.97,236.38,231.73,231.73,230.8,230.8,322,427.17,445.78,466.26,471.84,469.05,335.96,228.01],""all_points_y"":[328.61,315.58,320.23,314.65,286.73,276.49,273.7,269.05,254.16,238.34,234.61,229.03,231.82,272.77,303.48,314.65,326.75,329.54,328.61]}","{""category"":""bed""}"
000000158222.jpg,116111,"{""width"":640,""height"":426}",1,0,"{""name"":""polygon"",""all_points_x"":[493.01,637.56,640,374.31],""all_points_y"":[283.43,336.08,419.36,420.32]}","{""category"":""bed""}"
000000236016.jpg,80224,"{""width"":640,""height"":426}",1,0,"{""name"":""polygon"",""all_points_x"":[199.12,430.79,640,639.48],""all_points_y"":[420.5,321.89,382.2,420.5]}","{""category"":""bed""}"
000000256504.jpg,143196,"{""width"":640,""height"":428}",1,0,"{""name"":""polygon"",""all_points_x"":[327.95,339.06,346.85,360.19,364.63,428,432.45,454.68,531.39,534.72,540.28,612.54,632.55,640,637,3.34,8.89,53.36,95.61,106.72,172.31,193.43,214.56,251.24,281.26,309.05],""all_points_y"":[272.18,267.73,264.4,254.39,252.17,254.39,254.39,252.17,266.62,272.18,269.95,266.62,275.51,288.85,418.92,418.92,374.45,346.66,328.87,297.75,275.51,262.17,258.84,257.73,245.5,266.62]}","{""category"":""bed""}"
000000212927.jpg,105091,"{""width"":640,""height"":427}",1,0,"{""name"":""polygon"",""all_points_x"":[164.4,206.33,241.64,297.91,346.45,378.45,407.14,449.07,495.41,564.92,611.26,634.43,640,87.17,98.2,86.06,105.92],""all_points_y"":[218.57,217.47,211.95,202.02,179.95,179.95,176.64,173.33,175.54,183.26,189.88,190.99,427,423.8,317.87,256.09,220.78]}","{""category"":""bed""}"
000000332914.jpg,113719,"{""width"":640,""height"":480}",2,0,"{""name"":""polygon"",""all_points_x"":[223.78,165.41,24.86,1.08,3.24,107.03,122.16,144.86,158.92,180.54,195.68,206.49,179.46,195.68,222.7],""all_points_y"":[218.92,212.43,225.41,229.73,475.14,470.81,445.95,448.11,470.81,468.65,408.11,396.22,343.24,235.14,222.16]}","{""category"":""bed""}"
000000332914.jpg,113719,"{""width"":640,""height"":480}",2,1,"{""name"":""polygon"",""all_points_x"":[404.66,412.2,434.8,485.38,502.6,640,637.13,398.21],""all_points_y"":[417.52,393.85,384.16,320.66,303.44,326.04,470.26,470.26]}","{""category"":""bed""}"
000000571196.jpg,142420,"{""width"":640,""height"":426}",1,0,"{""name"":""polygon"",""all_points_x"":[640,640,0,0],""all_points_y"":[0.14,420.42,420.42,0.14]}","{""category"":""bed""}"
000000314023.jpg,106372,"{""width"":640,""height"":480}",1,0,"{""name"":""polygon"",""all_points_x"":[446.56,464.9,469.21,473.53,471.37,472.45,462.74,457.35,457.35,444.4,427.15,410.97,408.81,410.97,410.97,410.97,419.6,419.6,412.04,381.84,378.61,377.53,374.29,373.21,372.13,376.45,376.45,375.37,376.45,376.45,376.45,362.43,333.3,324.67,319.28,317.12,321.44,321.44,292.31,265.35,248.09,226.52,215.73,199.55,180.13,157.48,135.91,111.1,103.55,104.63,115.42,116.49,107.87,91.69,83.06,62.56,46.38,47.46,74.43,91.69,116.49,141.3,146.7,148.85,639.64,640,564.13,492.94,448.72],""all_points_y"":[186.61,253.48,272.9,281.53,304.18,319.28,371.06,399.1,401.26,402.34,402.34,402.34,393.71,380.76,369.98,359.19,299.87,290.16,275.06,199.55,200.63,214.65,268.58,280.45,297.71,308.49,319.28,326.83,337.62,348.4,353.8,332.22,332.22,330.07,321.44,310.65,297.71,292.31,304.18,302.02,304.18,303.1,302.02,302.02,300.94,300.94,297.71,299.87,307.42,316.04,325.75,327.91,333.3,338.7,341.93,358.11,373.21,380.76,382.92,386.16,401.26,432.54,457.35,474.61,473.53,187.69,180.13,177.98,185.53]}","{""category"":""bed""}"
000000394133.jpg,92178,"{""width"":500,""height"":375}",1,0,"{""name"":""polygon"",""all_points_x"":[447.8,424.1,341.99,44.86,4.23,2.54,236.17,273.42,457.11],""all_points_y"":[158.93,317.23,369.71,370.56,332.46,219.03,142.85,122.53,154.7]}","{""category"":""bed""}"
000000493867.jpg,83677,"{""width"":500,""height"":375}",1,0,"{""name"":""polygon"",""all_points_x"":[3.37,0,181.18,182.87,200.56,224.16,241.01,241.01,412.92,424.72,424.72,423.88,427.25,428.93,369.1,358.99,180.34,136.52,53.93,22.75,15.17],""all_points_y"":[268.68,43.68,46.21,132.16,121.21,179.35,175.98,181.88,205.48,221.49,233.29,240.87,254.35,270.37,349.58,373.17,375,375,337.78,333.57,279.63]}","{""category"":""bed""}"
000000170442.jpg,80707,"{""width"":640,""height"":480}",1,0,"{""name"":""polygon"",""all_points_x"":[7.55,214.65,252.4,265.35,276.13,292.31,297.71,609.44,599.73,594.34,594.34,594.34,577.08,569.53,46.38,1.08,0],""all_points_y"":[381.84,326.83,320.36,317.12,261.03,250.25,210.34,226.52,400.18,415.28,428.22,441.17,454.11,472.45,474.61,470.29,380.76]}","{""category"":""bed""}"
000000205847.jpg,67596,"{""width"":500,""height"":375}",2,0,"{""name"":""polygon"",""all_points_x"":[126.62,145.13,149.03,148.05,318.51,320.45,298.05,273.7,246.43,179.22,146.1,143.18,106.17,107.14,133.44],""all_points_y"":[188.96,186.04,226.95,228.9,227.92,311.69,295.13,254.22,271.75,284.42,284.42,255.19,252.27,210.39,206.49]}","{""category"":""bed""}"
000000205847.jpg,67596,"{""width"":500,""height"":375}",2,1,"{""name"":""polygon"",""all_points_x"":[11.69,0.97,0,310.71,343.83,298.05,273.7,238.64,219.16,192.86,136.36,124.68,96.43,67.21,73.05,51.62,37.01,23.38,21.43,18.51,13.64,9.74],""all_points_y"":[204.55,208.44,367.21,370.13,349.68,292.21,260.06,278.57,288.31,289.29,281.49,289.29,287.34,285.39,271.75,265.91,255.19,238.64,210.39,205.52,201.62,202.6]}","{""category"":""bed""}"
000000103017.jpg,225828,"{""width"":640,""height"":639}",1,0,"{""name"":""polygon"",""all_points_x"":[356.84,574.27,569.29,577.59,572.61,567.63,557.67,534.44,517.84,504.56,484.64,443.15,419.91,381.74,348.55,297.09,283.82,222.41,169.29,144.4,124.48,124.48,111.2,109.54,92.95,82.99,26.56,19.92,23.24],""all_points_y"":[615.76,487.96,431.53,424.89,370.12,363.48,360.16,360.16,340.25,333.61,320.33,310.37,313.69,310.37,313.69,326.97,326.97,300.41,288.79,303.73,295.43,303.73,305.39,310.37,313.69,302.07,317.01,317.01,610.78]}","{""category"":""bed""}"
000000544611.jpg,263377,"{""width"":640,""height"":480}",1,0,"{""name"":""polygon"",""all_points_x"":[328.78,329.49,340.16,349.41,362.94,468.97,489.61,486.05,484.63,484.63,486.76,503.13,517.36,533.02,544.41,555.79,565.75,583.55,586.39,590.66,639.05,639.05,412.04,363.65,354.4,341.59,338.03,335.89,329.49,336.61,352.26,347.28,335.18],""all_points_y"":[360.62,267.4,256.72,251.03,251.03,251.74,261.71,299.42,357.07,367.03,380.02,397.81,389.27,388.56,388.56,396.39,405.64,419.16,429.12,439.8,444.52,475.83,479.39,479.39,477.96,476.54,467.29,431,401.82,391.14,375.49,364.1,361.97]}","{""category"":""bed""}"
000000256566.jpg,165407,"{""width"":640,""height"":480}",1,0,"{""name"":""polygon"",""all_points_x"":[2.16,145.62,508.04,586.79,640,640,0,0],""all_points_y"":[50.77,5.47,3.31,77.73,90.68,470.36,470.36,470.36]}","{""category"":""bed""}"
000000309889.jpg,169364,"{""width"":480,""height"":640}",2,0,"{""name"":""polygon"",""all_points_x"":[2.87,266.91,279.82,287,298.48,304.22,308.52,307.09,299.91,292.74,324.3,332.91,344.39,384.57,421.88,453.45,476.41,450.58,421.88,413.27,401.79,397.49,0],""all_points_y"":[463.21,375.68,319.71,292.45,255.14,225,181.96,141.78,101.6,84.38,84.38,57.11,51.37,51.37,49.94,44.2,64.29,435.95,520.61,583.75,623.93,638.28,639.71]}","{""category"":""bed""}"
000000309889.jpg,169364,"{""width"":480,""height"":640}",2,1,"{""name"":""polygon"",""all_points_x"":[258.88,11.51,1.44,135.19,138.07,165.39,176.9,225.8,248.81,264.63,289.08,279.01],""all_points_y"":[365.06,458.55,329.11,291.72,93.24,93.24,75.98,68.79,65.92,78.86,81.74,333.42]}","{""category"":""bed""}"
000000537907.jpg,193193,"{""width"":640,""height"":426}",2,0,"{""name"":""polygon"",""all_points_x"":[76.41,48.71,200.58,230.19,488.09,468.03,230.19,112.71],""all_points_y"":[272.17,159.46,142.27,224.41,280.77,420.22,421.37,365.97]}","{""category"":""bed""}"
000000537907.jpg,193193,"{""width"":640,""height"":426}",2,1,"{""name"":""polygon"",""all_points_x"":[213.48,213.48,212.52,213.48,217.31,225.92,304.42,304.42,310.17,313.04,319.74,320.7,313.04,313.04,323.57,329.31,322.61,332.18,338.89,340.8,494.93,490.14,490.14,235.5,230.71,216.35,216.35,214.44],""all_points_y"":[136.89,133.07,120.62,114.88,113.92,128.28,114.88,113.92,107.22,102.43,103.39,111.05,124.45,150.3,148.38,154.13,173.27,185.72,185.72,186.67,209.65,273.79,278.58,223.05,219.22,179.02,165.61,134.02]}","{""category"":""bed""}"
000000114458.jpg,233282,"{""width"":640,""height"":480}",1,0,"{""name"":""polygon"",""all_points_x"":[15.03,1.07,1.07,2.15,2.15,220.13,351.14,514.36,578.79,611.01,590.6,636.78,640,624.97,579.87,577.72,547.65,514.36,482.15,446.71,418.79,400.54,374.77,332.89,298.52,265.23,246.98,236.24,233.02,233.02,239.46,267.38,283.49,297.45,278.12,275.97,284.56,289.93,242.68,220.13,220.13,26.85],""all_points_y"":[474.73,384.53,218.09,2.25,1.18,1.18,2.25,2.25,144,172.99,181.58,291.11,335.14,339.43,307.22,266.41,169.77,152.59,131.11,105.34,82.79,73.12,59.16,41.98,35.54,35.54,58.09,76.35,105.34,139.7,167.62,189.1,198.76,219.16,251.38,316.88,342.65,361.98,397.42,471.32,480,477.76]}","{""category"":""bed""}"
000000014248.jpg,217255,"{""width"":640,""height"":480}",1,0,"{""name"":""polygon"",""all_points_x"":[1.25,566.03,638.34,640,637.09,2.49,1.25],""all_points_y"":[0,0,0,462.55,471.27,473.77,6.23]}","{""category"":""bed""}"
000000467437.jpg,199591,"{""width"":640,""height"":608}",1,0,"{""name"":""polygon"",""all_points_x"":[115.87,144.5,54.53,40.9,1.36,4.09,158.13,220.84,291.73,339.44,376.25,413.06,373.52,357.17,400.79,436.23,453.96,428.05,407.61,392.61,411.7,406.24,426.69,474.4,507.12,564.38,578.01,571.19,598.46,628.45,614.82,565.74,523.48,422.6,383.07,205.85,182.67,640,640,637.99],""all_points_y"":[0.91,137.23,234.02,269.46,298.09,600.73,596.64,523.03,509.39,385.34,374.43,400.33,424.87,491.67,475.31,396.25,379.89,373.07,330.81,326.72,296.73,259.92,202.67,201.3,199.94,228.57,273.55,313.09,329.45,394.88,493.03,502.58,558.47,570.74,547.56,559.83,600.73,600.73,0.91,2.27]}","{""category"":""bed""}"
000000216326.jpg,147979,"{""width"":640,""height"":480}",1,0,"{""name"":""polygon"",""all_points_x"":[0,463.03,473.94,480,484.85,489.7,492.12,489.7,482.42,488.48,493.33,495.76,489.7,442.42,430.3,421.82,406.06,385.45,375.76,383.03,375.76,346.67,326.06,299.39,281.21,267.88,269.09,270.3,271.52,272.73,272.73,275.15,276.36,278.79,281.21,281.21,272.73,264.24,240,156.36,115.15,107.88,80,53.33,46.06,46.06,50.91,55.76,58.18,59.39,58.18,38.79,35.15,33.94,0,1.21],""all_points_y"":[1.7,1.7,19.88,17.45,0.48,15.03,23.52,34.42,58.67,75.64,81.7,95.03,107.15,96.24,87.76,78.06,73.21,74.42,78.06,85.33,84.12,76.85,73.21,79.27,91.39,122.91,143.52,165.33,168.97,181.09,190.79,198.06,208.97,217.45,232,239.27,252.61,268.36,286.55,333.82,343.52,344.73,339.88,350.79,361.7,366.55,371.39,396.85,408.97,421.09,425.94,450.18,462.3,469.58,472.73,2.42]}","{""category"":""bed""}"
000000088244.jpg,90654,"{""width"":640,""height"":480}",2,0,"{""name"":""polygon"",""all_points_x"":[3.22,42.95,61.21,76.24,147.11,200.81,210.47,4.3,1.07],""all_points_y"":[440.37,428.56,421.04,422.12,453.26,477.96,479.03,479.03,440.37]}","{""category"":""bed""}"
000000088244.jpg,90654,"{""width"":640,""height"":480}",2,1,"{""name"":""polygon"",""all_points_x"":[1.85,19.66,0.67,0,0,0,0],""all_points_y"":[394.69,433.47,442.18,429.52,412.5,403.79,396.67]}","{""category"":""bed""}"
000000327413.jpg,109916,"{""width"":640,""height"":480}",2,0,"{""name"":""polygon"",""all_points_x"":[61.35,93.63,439.1,463.86,480,496.14,640,637.13,66.73],""all_points_y"":[480,469.02,382.92,381.85,386.15,396.91,461.49,477.63,480]}","{""category"":""bed""}"
000000327413.jpg,109916,"{""width"":640,""height"":480}",2,1,"{""name"":""polygon"",""all_points_x"":[563.32,589.43,640,640,590.67,586.94,559.59,567.05],""all_points_y"":[398.07,343.36,319.73,440.35,422.94,437.87,421.7,409.26]}","{""category"":""bed""}"
000000143767.jpg,167191,"{""width"":612,""height"":612}",1,0,"{""name"":""polygon"",""all_points_x"":[5.53,142.29,172.69,262.48,335.7,350.9,483.52,547.07,609.24,612,1.38],""all_points_y"":[93.6,92.21,72.87,96.36,61.82,49.39,54.91,79.78,93.6,596.46,603.37]}","{""category"":""bed""}"
000000034096.jpg,159059,"{""width"":640,""height"":428}",1,0,"{""name"":""polygon"",""all_points_x"":[390.8,461.33,460.73,415.52,344.39,347.4,323.89,323.29],""all_points_y"":[179.72,182.74,213.48,252.66,247.23,236.38,235.78,197.81]}","{""category"":""bed""}"
000000250164.jpg,211136,"{""width"":640,""height"":480}",1,0,"{""name"":""polygon"",""all_points_x"":[359.19,381.84,384,404.49,417.44,415.28,404.49,380.76,376.45,360.27,364.58,540.4,539.33,536.09,530.7,530.7,518.83,511.28,506.97,511.28,522.07,536.09,539.33,541.48],""all_points_y"":[348.22,328.81,314.79,284.58,279.19,185.35,164.85,150.83,124.94,110.92,82.88,55.91,82.88,95.82,112,141.12,160.54,182.11,202.61,286.74,315.87,327.73,356.85,373.03]}","{""category"":""bed""}"
000000375909.jpg,122065,"{""width"":383,""height"":640}",1,0,"{""name"":""polygon"",""all_points_x"":[14.16,11.65,66.12,104.3,142.49,148.75,145.62,143.74,102.42,81.14,54.22,42.95,36.69,23.55,14.16],""all_points_y"":[343.21,363.87,405.81,417.08,420.84,410.2,393.29,362.62,356.98,350.72,342.59,343.21,342.59,336.95,343.21]}","{""category"":""bed""}"
000000415646.jpg,146741,"{""width"":640,""height"":480}",2,0,"{""name"":""polygon"",""all_points_x"":[125.95,125.95,137.48,139.87,139.87,151.4,151.4,151.4,177.24,209.84,293.32,297.3,297.3,195.24,197.39,102.47,60.4],""all_points_y"":[197.81,197.81,214.5,222.06,222.06,233.19,233.19,233.19,225.63,226.03,230.01,282.09,282.48,277.21,248.09,248.09,210.34]}","{""category"":""bed""}"
000000415646.jpg,146741,"{""width"":640,""height"":480}",2,1,"{""name"":""polygon"",""all_points_x"":[51.29,108.22,196.46,193.62,138.11,62.67],""all_points_y"":[288.5,247.23,253.63,289.21,356.11,359.67]}","{""category"":""bed""}"
000000437564.jpg,167587,"{""width"":500,""height"":375}",1,0,"{""name"":""polygon"",""all_points_x"":[348.15,492.45,496.64,500,288.59,0,2.52,57.05,83.89,144.3,165.27,263.42,327.18,358.22,381.71,403.52,457.21,482.38,478.19,375,343.96],""all_points_y"":[61.32,65.52,204.78,359.98,366.69,370.05,57.97,52.93,210.65,338.17,359.14,337.33,339.85,337.33,325.58,320.55,303.77,268.54,236.66,149.41,120.05]}","{""category"":""bed""}"
000000040686.jpg,86860,"{""width"":500,""height"":375}",2,0,"{""name"":""polygon"",""all_points_x"":[259.55,264.61,301.69,317.7,353.93,348.03,344.66,350.56,335.39,344.66,319.38,299.16,283.15,279.78,278.09,271.35,265.45,255.34,255.34,257.87,262.08,260.39,259.55,259.55],""all_points_y"":[313.48,368.26,369.94,335.39,266.29,229.21,215.73,203.93,194.66,180.34,186.24,185.39,185.39,185.39,202.25,207.3,215.73,223.31,233.43,262.08,276.4,297.47,312.64,316.01]}","{""category"":""bed""}"
000000040686.jpg,86860,"{""width"":500,""height"":375}",2,1,"{""name"":""polygon"",""all_points_x"":[415.39,412.38,415.83,416.69,419.71,419.28,423.59,424.88,426.61,442.13,458.09,459.81,460.68,444.72,438.25,438.25,438.25,437.39,455.5,455.5,454.64,452.48,445.15,445.58,442.56,417.55],""all_points_y"":[330.24,308.68,279.79,256.5,230.19,218.98,215.1,190.09,187.5,189.22,190.95,194.83,228.47,232.78,240.11,244.86,251.32,258.23,269.87,286.26,303.94,307.82,309.11,330.24,335.42,331.97]}","{""category"":""bed""}"
000000184274.jpg,93463,"{""width"":500,""height"":375}",1,0,"{""name"":""polygon"",""all_points_x"":[397.75,396.91,476.12,490.45,492.98,484.55,485.39,423.88,417.98,399.44],""all_points_y"":[198.09,245.28,244.44,228.43,159.33,152.58,134.89,139.94,147.53,155.96]}","{""category"":""bed""}"
000000481113.jpg,179406,"{""width"":640,""height"":487}",1,0,"{""name"":""polygon"",""all_points_x"":[1.2,101.01,157.52,192.4,276.57,354.73,435.29,512.25,567.57,572.38,604.84,638.51,638.51,0],""all_points_y"":[437.5,437.5,444.71,436.3,438.7,431.49,429.08,412.25,397.82,393.01,402.63,418.26,479.58,480.79]}","{""category"":""bed""}"
000000155142.jpg,78449,"{""width"":640,""height"":480}",1,0,"{""name"":""polygon"",""all_points_x"":[502.68,464.59,397.12,396.58,396.03,465.68,640,640,502.68],""all_points_y"":[458.57,428.65,457.48,473.81,478.16,477.62,478.16,404.71,457.48]}","{""category"":""bed""}"
000000228506.jpg,112290,"{""width"":640,""height"":451}",1,0,"{""name"":""polygon"",""all_points_x"":[7.09,146.96,279.72,342.56,394.24,409.45,424.65,455.05,405.39,311.14,106.42,1.01],""all_points_y"":[346.44,370.77,391.04,415.36,441.71,425.49,422.45,444.75,444.75,443.74,446.78,442.72]}","{""category"":""bed""}"
000000075046.jpg,188011,"{""width"":640,""height"":428}",1,0,"{""name"":""polygon"",""all_points_x"":[78.26,299.5,299.5,309.16,300.47,251.2,212.55,203.86,207.72,207.72,176.8,118.84,54.1,70.53],""all_points_y"":[402.64,286.7,318.58,319.55,166.9,161.1,161.1,175.6,205.55,213.28,228.73,250.95,249.02,410.37]}","{""category"":""bed""}"
000000507384.jpg,263213,"{""width"":640,""height"":640}",1,0,"{""name"":""polygon"",""all_points_x"":[615.55,629.93,627.06,5.75,2.88,601.17,612.67],""all_points_y"":[24.45,90.61,612.67,621.3,4.31,15.82,23.01]}","{""category"":""bed""}"
000000546896.jpg,219814,"{""width"":640,""height"":480}",1,0,"{""name"":""polygon"",""all_points_x"":[640,0,0,640],""all_points_y"":[1.88,1.88,474.38,473.13]}","{""category"":""bed""}"
000000102421.jpg,106969,"{""width"":640,""height"":461}",1,0,"{""name"":""polygon"",""all_points_x"":[30.97,326.39,334.73,359.75,440.75,459.81,482.44,506.27,520.56,543.19,595.61,619.43,640,640,363.32,197.74,91.72,8.34,0,0,19.06],""all_points_y"":[417.04,437.29,431.33,431.33,448.01,458.73,458.73,452.78,444.44,443.25,456.35,457.54,451.59,458.73,461,456.35,455.16,458.73,457.54,417.04,411.08]}","{""category"":""bed""}"
000000543836.jpg,128711,"{""width"":640,""height"":480}",2,0,"{""name"":""polygon"",""all_points_x"":[3.22,76.24,99.87,127.79,150.34,165.37,163.22,154.63,157.85,164.3,201.88,214.77,229.8,231.95,244.83,243.76,238.39,256.64,274.9,330.74,365.1,413.42,440.27,480,508.99,525.1,522.95,506.85,481.07,443.49,408.05,406.98,386.58,356.51,354.36,359.73,368.32,329.66,307.11,280.27,256.64,239.46,185.77,185.77,175.03,169.66,169.66,198.66,233.02,216.91,208.32,228.72,245.91,194.36,186.85,181.48,0,6.44,35.44,52.62,61.21,53.69,25.77,1.07,1.07],""all_points_y"":[120.37,94.6,94.6,89.23,82.79,94.6,108.56,122.52,139.7,162.25,164.4,168.69,180.51,205.2,186.95,162.25,150.44,131.11,125.74,118.22,123.59,128.96,131.11,131.11,136.48,150.44,151.51,147.22,148.29,146.14,150.44,163.33,180.51,192.32,209.5,222.39,239.57,237.42,236.35,236.35,236.35,233.12,235.27,251.38,259.97,268.56,269.63,277.15,290.04,308.29,320.1,360.91,393.12,421.04,454.33,473.66,469.37,336.21,306.14,301.85,292.18,281.45,276.08,271.78,122.52]}","{""category"":""bed""}"
000000303534.jpg,126527,"{""width"":640,""height"":438}",1,0,"{""name"":""polygon"",""all_points_x"":[2.28,17.06,50.06,67.12,94.43,102.39,116.04,127.42,134.24,141.07,147.9,164.96,194.54,288.97,358.36,379.98,395.91,402.73,373.15,353.81,351.54,356.09,242.32,151.31,1.14],""all_points_y"":[152.45,129.69,119.45,119.45,130.83,141.07,138.79,155.86,150.17,159.27,194.54,191.13,195.68,217.29,228.67,241.18,254.84,268.49,283.28,293.52,313.99,339.02,435.72,438,345.85]}","{""category"":""bed""}"
000000337705.jpg,76452,"{""width"":640,""height"":428}",1,0,"{""name"":""polygon"",""all_points_x"":[149.49,147.59,149.49,152.66,160.28,168.53,174.24,184.39,192,197.72,197.72,200.25,217.39,242.77,254.83,285.92,293.53,311.93,320.82,316.38,307.49,306.86,306.22,310.03,311.3,157.74,153.3],""all_points_y"":[413.57,366.61,362.8,323.46,322.19,322.19,282.85,272.7,269.52,265.72,259.37,255.56,251.12,247.95,247.95,235.89,233.35,251.76,251.12,290.46,310.13,367.88,411.03,420.55,428,427.53,411.03]}","{""category"":""bed""}"
000000099342.jpg,160256,"{""width"":480,""height"":640}",1,0,"{""name"":""polygon"",""all_points_x"":[87.53,200.9,226.73,154.98,126.28,4.3,1.43,2.87,91.84],""all_points_y"":[357.31,368.79,370.22,558.21,629.96,629.96,530.94,447.71,361.61]}","{""category"":""bed""}"
000000546649.jpg,131813,"{""width"":640,""height"":480}",2,0,"{""name"":""polygon"",""all_points_x"":[75.68,151.35,155.68,304.86,477.84,491.89,486.49,1.08,4.32,77.84],""all_points_y"":[378.38,387.03,396.76,416.22,433.51,436.76,480,478.92,425.95,379.46]}","{""category"":""bed""}"
000000546649.jpg,131813,"{""width"":640,""height"":480}",2,1,"{""name"":""polygon"",""all_points_x"":[236.84,286.06,339.22,363.51,417.98,412.73,404.2,402.89,406.17,402.89,402.89,385.16,388.45,353.66,334.63,327.41,318.88,318.88,316.25,290,269,267.68,264.4,264.4,240.77,219.77,212.55,207.3,203.36,202.05,198.77,213.21,234.87],""all_points_y"":[287.73,290.35,289.7,285.76,254.91,258.85,272.63,286.42,301.51,340.23,348.11,349.42,361.89,373.05,373.05,371.74,371.08,376.33,380.27,378.96,376.33,369.77,360.58,356.64,352.05,349.42,350.08,350.08,329.73,321.86,317.92,304.14,287.07]}","{""category"":""bed""}"
000000217071.jpg,177874,"{""width"":640,""height"":480}",1,0,"{""name"":""polygon"",""all_points_x"":[37.75,121.89,378.61,473.53,612.67,640,637.48,415.28,162.88,135.91,65.8,42.07],""all_points_y"":[333.3,131.6,74.43,6.47,5.39,1.08,271.82,310.65,369.98,345.17,327.91,340.85]}","{""category"":""bed""}"
000000240637.jpg,224239,"{""width"":640,""height"":640}",2,1,"{""name"":""polygon"",""all_points_x"":[142.26,47.34,1.31,1.31,640,640,640,583.79,555.02,514.75,498.93,478.8,427.02,416.96,395.38,378.12,353.67,326.35,300.46,286.08,253,231.43,224.24,205.54,198.35,195.47,212.73,219.92,219.92],""all_points_y"":[221.49,337.99,394.08,640,640,309.22,303.47,312.1,319.29,323.61,326.48,326.48,323.61,326.48,355.25,372.51,384.01,382.57,379.7,381.13,384.01,376.82,369.63,337.99,316.42,291.97,283.34,279.02,270.39]}","{""category"":""bed""}"
000000277971.jpg,216584,"{""width"":640,""height"":640}",1,0,"{""name"":""polygon"",""all_points_x"":[4.31,2.88,58.97,66.16,215.73,483.24,608.36,619.87,625.62,638.56,628.49,4.31],""all_points_y"":[626.62,507.25,449.72,265.63,208.1,226.8,261.31,347.61,494.3,607.92,626.62,625.18]}","{""category"":""bed""}"
000000109707.jpg,202027,"{""width"":640,""height"":427}",1,0,"{""name"":""polygon"",""all_points_x"":[272.99,348.79,342.7,341.35,237.11,195.83,149.8,141.68,132.88,180.26,205.3,225.61,258.1],""all_points_y"":[281.4,314.56,322.01,327.42,333.51,305.09,282.75,282.75,276.66,269.89,273.28,275.98,277.34]}","{""category"":""bed""}"
000000572331.jpg,280522,"{""width"":640,""height"":480}",1,0,"{""name"":""polygon"",""all_points_x"":[1.08,1.08,1.08,80.18,161.44,394.4,524.42,529.84,526.59,366.23,366.23,333.72,312.05,287.13,271.96,215.62,179.86,141.94,130.02,75.85,68.26,3.25,1.08,1.08],""all_points_y"":[473.23,473.23,473.23,468.89,469.98,473.23,416.88,344.29,252.19,251.11,285.78,290.11,291.2,297.7,279.28,310.7,313.95,299.86,289.03,317.2,297.7,281.44,281.44,464.56]}","{""category"":""bed""}"
000000570022.jpg,101571,"{""width"":640,""height"":480}",1,0,"{""name"":""polygon"",""all_points_x"":[176.61,173.36,303.39,304.47,269.8,231.87,198.28,171.2],""all_points_y"":[220.77,266.28,242.44,219.68,63.66,67.99,216.43,215.35]}","{""category"":""bed""}"
000000322620.jpg,105496,"{""width"":640,""height"":426}",1,0,"{""name"":""polygon"",""all_points_x"":[56.35,46.8,71.64,83.1,635.18,636.13,622.76,619.9,585.51,12.42],""all_points_y"":[153.73,231.1,370.55,419.27,419.27,141.32,105.02,24.79,13.32,9.5]}","{""category"":""bed""}"
000000225198.jpg,91596,"{""width"":640,""height"":427}",1,0,"{""name"":""polygon"",""all_points_x"":[3.84,640,640,405.89,423.16,417.4,379.02,401.09,382.86,322.41,258.12,238.93,252.36,273.47,281.15,246.6,231.25,262.92,230.29,0.96,3.84],""all_points_y"":[2.88,3.84,421.24,420.28,335.84,284.03,196.71,143.93,61.41,36.46,54.69,127.62,185.19,199.59,214.94,262.92,325.29,379.02,420.28,425.08,1.92]}","{""category"":""bed""}"
000000065520.jpg,89647,"{""width"":427,""height"":640}",1,0,"{""name"":""polygon"",""all_points_x"":[66.16,102.11,140.94,179.78,189.84,211.42,280.45,355.24,371.06,330.79,293.39,333.66,304.9,289.08,263.19,268.94,425.71,422.83,87.73,79.1],""all_points_y"":[616.55,587.79,553.27,498.62,471.29,471.29,544.64,534.57,484.23,452.59,369.18,278.57,213.85,107.43,116.05,5.31,5.31,620.86,622.3,619.43]}","{""category"":""bed""}"
000000238799.jpg,90697,"{""width"":500,""height"":496}",1,0,"{""name"":""polygon"",""all_points_x"":[336.61,142.67,143.78,109.23,54.62,134.87,321.01,497.11,497.11],""all_points_y"":[297.88,338,362.53,385.93,453.92,465.07,489.59,490.71,315.71]}","{""category"":""bed""}"
000000252354.jpg,192840,"{""width"":640,""height"":480}",1,0,"{""name"":""polygon"",""all_points_x"":[0,4.31,267.51,639.64,640,454.11,418.52,415.28,378.61,243.78,199.55,211.42,192,124.04],""all_points_y"":[251,8.3,5.06,7.22,348.07,371.81,219.72,34.19,11.54,14.77,162.55,224.03,238.05,216.48]}","{""category"":""bed""}"
000000287190.jpg,96492,"{""width"":640,""height"":506}",1,0,"{""name"":""polygon"",""all_points_x"":[0,138.41,169.04,211.02,258.67,222.37,184.93,145.22,103.24,53.32,3.4],""all_points_y"":[89.25,117.61,180.01,225.39,237.87,295.73,316.16,366.07,418.26,497.68,497.68]}","{""category"":""bed""}"
000000443537.jpg,88452,"{""width"":500,""height"":311}",2,1,"{""name"":""polygon"",""all_points_x"":[105.77,152,178.61,208.03,215.04,247.26,350.93,439.88,454.59,474.91,499.42,498.02,0.7,0,3.5,94.56,107.87],""all_points_y"":[138.34,179.67,183.87,188.77,185.97,186.67,176.86,169.16,155.85,165.66,155.15,305.05,304.35,188.07,137.64,127.13,139.04]}","{""category"":""bed""}"
000000214671.jpg,146491,"{""width"":480,""height"":640}",1,0,"{""name"":""polygon"",""all_points_x"":[1.44,94.92,102.11,103.55,104.99,155.33,168.27,161.08,158.2,169.71,184.09,208.54,221.48,234.43,257.44,257.44,257.44,287.64,309.21,307.78,360.99,368.18,371.06,360.99,356.67,372.49,366.74,353.8,336.54,329.35,342.29,333.66,306.34,297.71,291.96,329.35,337.98,478.92,480,1.44],""all_points_y"":[535.01,512,444.4,418.52,396.94,408.45,438.65,465.98,474.61,488.99,494.74,491.87,507.69,506.25,494.74,454.47,441.53,464.54,471.73,520.63,514.88,510.56,496.18,481.8,470.29,333.66,287.64,256,217.17,195.6,152.45,140.94,140.94,145.26,146.7,5.75,0,0,631.37,632.81]}","{""category"":""bed""}"
000000469046.jpg,85238,"{""width"":500,""height"":333}",1,0,"{""name"":""polygon"",""all_points_x"":[111.58,137.52,187.69,218.83,228.34,255.16,266.4,347.7,380.57,426.41,464.47,494.74,498.2,498.2,1.73,0.86,77.84,90.82,84.76,85.63,89.09,98.6],""all_points_y"":[212.77,213.64,217.1,218.83,231.8,230.07,221.42,223.15,213.64,204.99,201.53,206.72,285.43,327.81,324.35,280.24,283.7,272.45,257.75,236.13,223.15,211.04]}","{""category"":""bed""}"
000000452696.jpg,117042,"{""width"":640,""height"":479}",1,0,"{""name"":""polygon"",""all_points_x"":[72.12,92.57,82.88,69.97,34.44,46.29,59.2,50.59,62.43,59.2,54.9,53.82,34.44,32.29,37.67,43.06,36.6,30.14,1.08,3.23,636.16,636.16,105.49],""all_points_y"":[0.75,55.64,69.64,77.17,115.92,124.53,132.07,142.83,170.82,190.19,206.34,217.1,252.63,266.62,275.23,274.15,281.69,284.92,336.59,470.06,472.21,0,0]}","{""category"":""bed""}"
000000451943.jpg,101982,"{""width"":640,""height"":480}",1,0,"{""name"":""polygon"",""all_points_x"":[28.04,12.94,22.65,129.44,183.37,207.1,222.2,255.64,270.74,266.43,281.53,545.8,577.08,591.1,566.29,546.88,547.96,503.73,416.36,386.16,262.11,256.72,98.16,83.06,69.03,32.36],""all_points_y"":[358.86,314.64,300.61,260.7,245.6,231.58,224.03,221.87,205.69,79.49,74.1,77.33,79.49,93.51,260.7,276.88,331.9,395.54,469.96,471.04,447.31,386.91,340.52,341.6,340.52,365.33]}","{""category"":""bed""}"
000000170267.jpg,211382,"{""width"":640,""height"":435}",1,0,"{""name"":""polygon"",""all_points_x"":[35.19,1.96,22.48,77.22,281.53,251.22,202.35,163.25,158.36,143.7,170.09,204.3,221.9,221.9,221.9,164.22,113.39,21.51],""all_points_y"":[223.85,236.56,385.15,435,434.02,419.36,423.27,392.97,351.91,326.49,296.19,258.07,224.83,193.55,182.8,185.73,181.82,200.39]}","{""category"":""bed""}"
000000403693.jpg,66428,"{""width"":360,""height"":640}",1,0,"{""name"":""polygon"",""all_points_x"":[1.43,4.3,15.78,91.84,103.32,106.19,109.06,107.62,120.54,130.58,132.02,126.28,119.1,117.67,134.89,154.98,139.19,99.01,8.61],""all_points_y"":[199.46,628.52,629.96,503.68,565.38,576.86,579.73,589.78,594.08,589.78,582.6,576.86,565.38,489.33,489.33,433.36,347.26,287,208.07]}","{""category"":""bed""}"
000000556426.jpg,103633,"{""width"":480,""height"":640}",1,0,"{""name"":""polygon"",""all_points_x"":[0,93.27,140.63,202.33,205.2,182.24,126.28,182.24,384.57,400.36,417.58,453.45,480,480,4.3],""all_points_y"":[131.54,167.41,191.81,306.61,338.18,374.05,430.01,438.62,563.47,452.97,448.67,6.7,5.26,633.78,630.91]}","{""category"":""bed""}"
000000230119.jpg,102642,"{""width"":375,""height"":500}",1,0,"{""name"":""polygon"",""all_points_x"":[111.65,116.91,264.86,271.86,180.82,129.16,156.3,126.54,98.52,93.27,88.02,103.77],""all_points_y"":[359.87,402.76,422.9,295.08,275.82,316.09,333.6,350.24,345.86,402.76,429.03,397.51]}","{""category"":""bed""}"
000000240972.jpg,85355,"{""width"":500,""height"":375}",1,0,"{""name"":""polygon"",""all_points_x"":[240.17,237.64,221.63,226.69,219.1,219.1,225.84,230.06,228.37,228.37,239.33,243.54,251.97,252.81,376.69,400.28,411.24,417.13,412.08,412.08,413.76,385.11,372.47,372.47,300,276.4,259.55,257.87,257.87,250.28,250.28],""all_points_y"":[246.12,208.2,198.93,233.48,241.91,185.45,123.09,135.73,155.11,155.11,163.54,130.67,135.73,163.54,169.44,159.33,160.17,165.22,200.62,206.52,217.47,211.57,220,222.53,221.69,221.69,228.43,226.74,226.74,247.81,247.81]}","{""category"":""bed""}"
000000118073.jpg,144627,"{""width"":480,""height"":640}",1,0,"{""name"":""polygon"",""all_points_x"":[480,480,446.98,402,383.13,368.62,343.95,333.79,325.08,314.92,307.66,210.43,208.98,208.98,203.17,194.47,174.15,169.8,165.44,163.99,163.99,163.99,162.54,140.77,117.55,107.39,31.93,14.51,20.32,11.61,0,7.26,7.26,7.26,5.8,5.8,5.8,5.8,7.26,29.02,42.09,49.34,78.37,105.94,130.61,165.44,193.02,216.24,269.93,297.51,285.9,319.27,343.95,380.23,396.19,409.25,452.79,460.05,480,480,480,480],""all_points_y"":[590.66,583.4,563.08,531.16,510.84,499.23,487.62,480.36,467.3,461.5,452.79,359.91,359.91,359.91,362.81,354.1,341.04,330.88,319.27,312.02,298.96,278.64,259.77,232.2,232.2,232.2,236.55,240.91,238,242.36,252.52,532.61,550.02,571.79,596.46,613.88,618.23,631.29,638.55,637.1,637.1,637.1,637.1,638.55,640,640,640,640,640,640,637.1,635.65,635.65,635.65,635.65,635.65,640,640,629.84,624.04,608.07,597.91]}","{""category"":""bed""}"
000000231589.jpg,185617,"{""width"":640,""height"":425}",1,0,"{""name"":""polygon"",""all_points_x"":[133.35,171.73,219.7,231.21,253.27,274.38,362.64,360.72,378.95,394.3,407.73,415.41,456.66,461.46,519.02,581.38,616.87,640,640,137.19],""all_points_y"":[417.09,367.2,306.76,283.73,296.2,282.77,302.92,329.78,344.17,381.59,360.48,317.31,311.55,317.31,321.15,340.34,345.13,348.97,413.25,415.17]}","{""category"":""bed""}"
000000466752.jpg,118162,"{""width"":640,""height"":366}",1,0,"{""name"":""polygon"",""all_points_x"":[5.76,29.61,118.44,142.29,227,225.36,220.42,229.47,237.69,275.53,312.54,354.49,395.61,407.95,430.98,431.8,431.8,458.12,482.79,508.29,511.58,501.71,484.44,459.76,440.02,422.75,389.85,351.2,336.39,325.7,317.47,307.6,453.18,495.95,514.87,531.32,589.71,588.89,569.97,620.14,620.14,640,640,616.85,0.82],""all_points_y"":[3.98,27,11.38,22.89,30.29,56.61,82.93,111.72,120.77,104.32,128.17,133.93,140.51,188.21,192.32,163.53,135.57,133.1,125.7,101.85,80.47,60.73,49.21,51.68,58.26,68.95,59.08,52.5,40.99,33.58,19.6,4.8,3.15,51.68,72.24,102.67,161.07,177.52,183.27,269.63,281.97,280.33,310.76,362.57,361.75]}","{""category"":""bed""}"
000000538963.jpg,97992,"{""width"":640,""height"":427}",1,0,"{""name"":""polygon"",""all_points_x"":[105.31,110.1,354.24,363.81,368.6,472.96,471.04,494.98,499.76,541.89,518.91,461.47,235.52,187.65,134.04,137.87],""all_points_y"":[284.35,277.65,229.78,234.56,189.57,202.97,250.84,258.5,269.03,278.6,368.6,418.38,422.21,420.3,361.9,315.94]}","{""category"":""bed""}"
000000242301.jpg,142499,"{""width"":640,""height"":427}",1,0,"{""name"":""polygon"",""all_points_x"":[7.68,47.98,134.34,301.3,396.29,481.69,513.36,536.39,554.62,532.55,550.78,576.69,582.45,586.29,588.2,588.2,640,640],""all_points_y"":[410.93,379.26,354.31,300.58,302.5,314.01,306.34,305.38,305.38,271.79,262.2,261.24,251.64,237.25,223.82,196.95,172.96,418.6]}","{""category"":""bed""}"
000000320670.jpg,116148,"{""width"":640,""height"":427}",1,0,"{""name"":""polygon"",""all_points_x"":[0.96,82.52,126.66,160.24,188.07,200.55,231.25,255.24,283.07,306.1,331.04,354.07,385.74,412.61,433.72,453.87,468.26,485.53,495.13,500.89,588.2,616.99,638.1,636.18,639.06,620.83,3.84],""all_points_y"":[409.73,359.83,339.68,320.49,296.5,288.82,287.87,300.34,302.26,300.34,296.5,294.58,294.58,291.7,290.74,286.91,284.03,280.19,261,256.2,254.28,258.12,270.59,401.09,417.4,421.24,421.24]}","{""category"":""bed""}"
000000070192.jpg,79475,"{""width"":640,""height"":427}",1,0,"{""name"":""polygon"",""all_points_x"":[332,331.04,333.92,333.92,418.36,419.32,556.54,569.01,561.34,559.42,555.58,549.82,476.9,479.78,352.16,333.92],""all_points_y"":[284.99,242.77,219.74,201.51,197.67,228.37,279.23,317.61,322.41,314.73,303.22,304.18,318.57,356.95,308.98,288.82]}","{""category"":""bed""}"
000000426165.jpg,108093,"{""width"":640,""height"":429}",2,0,"{""name"":""polygon"",""all_points_x"":[0,178.51,192.91,201.54,191.95,184.27,185.23,174.67,162.19,143.96,130.52,121.89,124.77,133.4,136.28,135.32,116.13,97.89,86.38,85.42,105.57,116.13,144.92,162.19,169.87,178.51,191.95,234.17,242.81,249.53,258.17,266.81,271.6,270.64,314.79,402.13,410.77,424.2,434.76,476.03,499.06,500.98,0],""all_points_y"":[149.86,130.66,127.78,244.87,243.91,241.03,223.75,204.56,192.08,192.08,203.6,223.75,235.27,248.71,248.71,253.51,257.35,277.5,295.73,309.17,311.09,311.09,302.45,310.13,312.05,325.49,337.96,347.56,346.6,364.84,370.59,368.67,360.04,349.48,368.67,379.23,384.03,388.83,387.87,403.22,421.46,424.34,423.38]}","{""category"":""bed""}"
000000426165.jpg,108093,"{""width"":640,""height"":429}",2,1,"{""name"":""polygon"",""all_points_x"":[392.23,416.74,435.69,453.51,472.46,500.31,509.23,511.46,511.46,541.54,533.74,543.77,558.26,559.37,543.77,559.37,572.74,588.34,537.09,540.43,481.37,451.29,435.69,418.97,418.97,427.89,406.71,383.31,377.74,379.97,393.34,374.4,376.63,367.71,353.23,354.34,361.03,356.57,356.57,359.91,359.91,306.43,304.2,528.17,523.71,631.8,636.26,504.77,447.94,459.09,453.51,437.91,424.54,402.26,393.34,391.11,391.11],""all_points_y"":[254.06,264.09,283.03,288.6,280.8,281.91,258.51,273,296.4,296.4,308.66,315.34,310.89,287.49,247.37,241.8,244.03,229.54,219.51,212.83,168.26,163.8,215.06,215.06,209.49,198.34,171.6,173.83,186.09,206.14,221.74,226.2,304.2,342.09,327.6,291.94,283.03,257.4,232.89,232.89,225.09,208.37,113.66,89.14,188.31,215.06,420.09,421.2,388.89,352.11,340.97,340.97,349.89,348.77,346.54,314.23,261.86]}","{""category"":""bed""}"
000000535106.jpg,113948,"{""width"":640,""height"":403}",1,0,"{""name"":""polygon"",""all_points_x"":[346.85,374.93,376.74,370.4,424.73,489.03,613.1,631.22,638.46,639.37,626.69,594.99,584.12,575.07,572.35,570.54,511.67,486.32,482.69,421.11,398.47,375.83,350.47],""all_points_y"":[22.64,47.09,57.96,83.32,96.9,107.77,112.3,107.77,111.39,53.43,50.71,50.71,46.19,51.62,38.94,30.79,33.51,28.07,36.22,40.75,42.56,36.22,23.55]}","{""category"":""bed""}"
000000154095.jpg,142476,"{""width"":500,""height"":375}",1,0,"{""name"":""polygon"",""all_points_x"":[25.32,23.38,95.45,130.52,141.23,143.18,162.66,162.66,188.96,195.78,212.34,208.44,252.27,295.13,332.14,352.6,364.29,398.38,405.19,434.42,499.68,496.75,30.19],""all_points_y"":[370.13,359.42,287.34,300.97,304.87,320.45,318.51,300,297.08,315.58,311.69,294.16,279.55,316.56,330.19,342.86,334.09,331.17,311.69,284.42,300.97,369.16,366.23]}","{""category"":""bed""}"
000000136117.jpg,228865,"{""width"":640,""height"":480}",1,0,"{""name"":""polygon"",""all_points_x"":[49.87,32.42,18.7,0,1.25,637.09,640,640,595.95,577.25,567.27,566.03,623.38,628.36,618.39,618.39,367.79,345.35,311.69,332.88,28.68,18.7,49.87],""all_points_y"":[230.65,238.13,256.83,309.19,467.53,473.77,356.57,93.51,125.92,154.6,205.71,221.92,311.69,339.12,374.03,379.01,398.96,255.58,255.58,396.47,415.17,393.97,231.9]}","{""category"":""bed""}"
000000436603.jpg,124171,"{""width"":640,""height"":425}",2,0,"{""name"":""polygon"",""all_points_x"":[6.64,215.82,189.26,212.5,234.64,235.74,171.55,158.27,130.6,101.82,99.61,122.85,138.35,0,7.75],""all_points_y"":[6.64,9.96,90.76,108.46,149.41,158.27,213.61,244.6,288.87,319.86,367.45,403.97,419.47,412.83,8.85]}","{""category"":""bed""}"
000000436603.jpg,124171,"{""width"":640,""height"":425}",2,1,"{""name"":""polygon"",""all_points_x"":[145.71,192.08,202.01,227.4,239.55,359.87,384.16,381.95,481.3,486.82,466.95,407.34,409.55,448.18,453.7,468.05,472.47,459.22,464.74,462.53,429.42,405.13,296.95,269.35,270.45,243.96,234.03,209.74,220.78,640,635.84,151.23],""all_points_y"":[415.06,373.12,322.34,281.49,281.49,275.97,294.74,321.23,355.45,321.23,243.96,164.48,139.09,131.36,115.91,109.29,97.14,85,56.3,43.05,33.12,37.53,28.7,37.53,24.29,27.6,19.87,28.7,1.1,7.73,416.17,417.27]}","{""category"":""bed""}"
000000528575.jpg,147032,"{""width"":640,""height"":423}",1,0,"{""name"":""polygon"",""all_points_x"":[7.6,51.33,59.89,124.52,161.6,176.8,181.56,240.49,280.42,308.93,627.37,640,3.8],""all_points_y"":[239.78,220.77,187.5,163.73,145.67,125.71,94.34,72.48,76.28,52.52,90.54,417.53,415.63]}","{""category"":""bed""}"
000000197616.jpg,188777,"{""width"":640,""height"":640}",1,0,"{""name"":""polygon"",""all_points_x"":[187.56,181.83,180.4,93.06,48.68,30.07,0,2.86],""all_points_y"":[640,630.12,575.71,584.3,562.82,538.48,512.71,635.84]}","{""category"":""bed""}"
000000141849.jpg,163858,"{""width"":428,""height"":640}",1,0,"{""name"":""polygon"",""all_points_x"":[0,29.3,84.68,65.89,56.99,106.43,135.11,158.84,178.62,220.15,244.87,246.85,271.57,296.29,320.03,321.02,321.02,337.83,363.54,398.15,405.07,428,428,428,428,0,0,0],""all_points_y"":[436.29,439.25,439.25,457.05,506.5,533.19,560.88,568.79,567.8,547.04,535.17,550.01,563.85,563.85,548.03,528.25,492.65,419.48,403.65,374.98,362.12,385.85,456.06,637.02,640,640,629.11,475.84]}","{""category"":""bed""}"
000000538925.jpg,204429,"{""width"":640,""height"":480}",1,0,"{""name"":""polygon"",""all_points_x"":[240.54,131.6,106.79,102.47,94.92,89.53,101.39,445.48,635.33,637.48,573.84,264.27,285.84,311.73,332.22,364.58,429.3,374.29,369.98,366.74,242.7,189.84,146.7,149.93,283.69,259.96],""all_points_y"":[474.43,400,403.24,404.31,355.78,335.28,274.88,179.96,222.02,426.97,474.43,474.43,396.76,406.47,411.87,388.13,344.99,327.73,316.94,307.24,265.17,281.35,305.08,320.18,393.53,474.43]}","{""category"":""bed""}"
000000512112.jpg,174649,"{""width"":480,""height"":640}",1,0,"{""name"":""polygon"",""all_points_x"":[479.66,474.33,405.03,384.6,352.03,346.11,339.89,348.77,347.88,348.18,348.48,355.58,353.81,352.62,354.4,360.91,363.87,366.24,370.68,370.98,368.91,371.28,368.02,363.87,352.62,345.22,343.68,355.01,371.81,381.58,386.07,386.27,388.03,386.46,390.18,391.54,388.42,389.59,386.66,383.53,382.75,380.41,376.5,369.27,364.19,358.72,355.21,346.81,339.77,326.49,321.02,302.85,296.79,294.45,293.67,295.62,298.94,303.04,307.73,311.25,313.4,314.18,315.45,306.36,298.51,288.6,287.77,281.58,267.95,258.45,237.8,230.78,219.21,213.02,206.82,191.13,188.24,191.54,194.43,198.15,196.91,189.48,184.52,182.74,176.23,170.6,167.05,162.61,159.35,157.87,160.24,160.83,164.09,165.28,167.41,171.02,178.45,180.78,183.76,191.65,193.73,200.81,203.77,203.09,195.69,194.4,181.85,174.9,157.41,137.27,115.54,102.28,101.22,99.1,13.2,1.54,0.6,480],""all_points_y"":[279.9,281.09,264.8,258.88,252.36,270.13,278.42,302.11,325.8,353.34,359.56,363.11,368.15,369.92,383.54,421.45,428.85,445.43,451.95,460.24,462.31,466.16,473.86,478.01,494.29,503.18,506.56,515.16,531.76,544.27,549.74,557.55,560.48,567.51,572.01,577.48,581.97,585.49,590.18,589.98,595.06,597.99,598.97,595.65,589.59,582.56,579.24,570.45,563.41,545.44,538.4,514.57,505.78,501.68,494.45,487.8,483.9,480.38,480.58,482.53,479.99,470.03,456.21,447.54,420.69,385.59,371.96,362.05,355.44,361.22,377.74,391.78,394.67,402.11,415.74,419.87,439.28,458.28,469.84,476.45,486.36,485.12,480.58,477.62,478.8,473.77,468.14,464.89,461.04,448.9,427.87,418.69,413.07,407.46,403,400.66,394.08,388.77,384.31,379.95,377.64,371.16,368.2,361.95,366.77,371.92,378.04,367.84,367.84,373.14,383.22,388.52,396.47,399.65,424.56,428.27,640,635.96]}","{""category"":""bed""}"
000000518701.jpg,54928,"{""width"":270,""height"":360}",1,0,"{""name"":""polygon"",""all_points_x"":[148.85,169.08,175.55,182.83,186.07,187.69,270,267.78,45.3,38.83,35.6,46.92,50.97,55.01,59.06,95.46,102.74,105.98,118.92,132.67,140.76],""all_points_y"":[279.91,251.6,245.12,237.03,186.88,181.21,188.49,351.1,351.91,279.91,262.92,252.4,254.02,256.45,262.11,271.01,271.82,266.16,266.16,271.82,275.06]}","{""category"":""bed""}"
000000228418.jpg,63769,"{""width"":640,""height"":360}",1,0,"{""name"":""polygon"",""all_points_x"":[0,23.46,62.29,76.04,93.03,117.3,181.21,220.04,283.15,308.22,338.97,362.43,382.65,396.4,427.96,440.09,441.71,406.11,357.57,331.69,325.21,288,42.07,9.71,2.43,0.81],""all_points_y"":[146.43,139.15,145.62,142.38,133.48,132.67,140.76,127.82,135.91,154.52,178.79,179.6,178.79,174.74,184.45,225.71,252.4,357.57,359.19,354.34,315.51,347.06,341.39,262.11,257.26,146.43]}","{""category"":""bed""}"
000000469896.jpg,102870,"{""width"":640,""height"":435}",1,0,"{""name"":""polygon"",""all_points_x"":[302.35,332.59,520.83,602.76,598.86,609.59,595.93,567.65,556.92,1.95,0.98,105.34,154.1,141.42,132.65,150.2,171.66,177.51,183.36,179.46,184.34,195.07,228.23,251.64,295.53,323.81,371.6,390.13,392.09,366.73,356.97,337.47,314.06,316.98,309.18,302.35,302.35],""all_points_y"":[71.78,69.83,57.15,57.15,246.37,316.59,354.63,429.73,434.61,435,224.91,202.48,191.75,213.21,232.72,242.47,249.3,269.78,283.43,296.11,310.74,314.64,306.84,302.94,302.94,300.99,291.24,275.63,273.68,225.89,182.97,143.96,135.18,118.6,100.07,80.56,72.76]}","{""category"":""bed""}"
000000045404.jpg,71981,"{""width"":480,""height"":640}",1,0,"{""name"":""polygon"",""all_points_x"":[1.43,75.88,105.95,114.54,114.54,257.72,246.26,244.83,254.85,272.04,279.19,300.67,325.01,327.87,325.01,313.56,307.83,312.13,320.72,325.01,326.44,300.67,280.63,277.76,1.43],""all_points_y"":[528.59,489.93,459.87,444.12,376.82,402.6,412.62,419.78,428.37,422.64,406.89,406.89,418.34,418.34,491.36,499.96,514.27,527.16,528.59,528.59,564.38,614.5,635.97,638.84,637.4]}","{""category"":""bed""}"
000000376160.jpg,128105,"{""width"":375,""height"":500}",1,0,"{""name"":""polygon"",""all_points_x"":[262.25,269.23,318.8,330.67,336.26,336.96,323.69,320.9,316.36,312.87,286.34,283.89,278.66,274.12,258.41,254.57,249.68,247.94,257.01,265.74,275.52,283.55,288.78,288.43,282.15,275.52,271.68],""all_points_y"":[253.65,242.48,242.83,247.37,252.95,256.45,277.39,291.35,300.78,306.02,306.71,302.52,302.52,300.43,289.26,285.07,278.09,277.39,267.62,278.79,281.58,278.09,275.3,270.76,269.71,268.66,265.87]}","{""category"":""bed""}"
000000567329.jpg,123627,"{""width"":375,""height"":500}",1,0,"{""name"":""polygon"",""all_points_x"":[0.69,51.25,41.14,35.52,42.26,56.87,105.19,134.83,150.56,144.94,3.37,3.37,42.7],""all_points_y"":[4.24,4.24,51.43,61.54,95.25,118.85,306.49,371.91,374.16,492.13,492.13,5.62,4.49]}","{""category"":""bed""}"
000000198717.jpg,91594,"{""width"":640,""height"":399}",1,0,"{""name"":""polygon"",""all_points_x"":[107.6,145.25,201.74,213.4,261.82,277.96,303.96,305.75,314.72,320.1,338.93,361.34,376.58,399.9,415.14,430.38,438.45,442.93,452.8,465.35,474.32,474.32,484.18,489.56,485.08,484.18,484.18,473.42,463.56,463.56,477.9,489.56,500.32,501.22,495.84,491.35,482.39,471.63,461.76,452.8,445.62,439.35,436.66,424.11,415.14,414.24,426.8,425,417.83,405.28,394.52,394.52,379.27,355.96,337.13,326.37,317.41,314.72,640,636.61],""all_points_y"":[393.62,373.89,342.51,327.27,317.41,315.61,303.06,297.68,309.34,310.23,298.58,296.78,294.09,294.99,297.68,308.44,322.79,336.24,338.93,341.62,350.58,341.62,338.93,330.86,323.68,312.92,309.34,308.44,308.44,301.27,295.89,291.4,277.96,270.78,261.82,255.54,253.75,252.85,253.75,254.64,265.4,270.78,286.02,291.4,286.02,279.75,270.78,255.54,249.26,250.16,258.23,266.3,269.89,275.27,281.54,285.13,290.51,208.02,223.26,390.93]}","{""category"":""bed""}"
000000343424.jpg,198142,"{""width"":640,""height"":480}",1,0,"{""name"":""polygon"",""all_points_x"":[118.39,371.3,374.53,405.74,576.86,607,638.21,640,633.9,629.6,628.52,609.15,614.53,418.65,407.89,309.96,174.35,156.05,156.05,158.21,135.61,124.84,118.39],""all_points_y"":[247.53,255.07,303.5,333.63,342.24,350.85,363.77,433.72,434.8,430.49,458.48,453.09,419.73,467.09,471.39,474.62,449.87,433.72,455.25,471.39,466.01,457.4,251.84]}","{""category"":""bed""}"
000000005038.jpg,190622,"{""width"":640,""height"":480}",1,0,"{""name"":""polygon"",""all_points_x"":[93.18,95.35,101.85,136.52,346.73,497.34,526.59,551.51,586.19,606.77,588.35,568.85,612.19,623.02,639.28,628.44,568.85,525.51,519.01,514.67,514.67,555.85,534.18,503.84,480,433.41,411.74,382.48,377.07,382.48,396.57,352.14,341.31,329.39,319.64,234.04,165.78,111.6,97.52],""all_points_y"":[229.44,351.87,403.88,424.47,471.06,419.05,409.3,435.3,438.56,436.39,408.22,381.13,362.71,398.47,411.47,344.29,303.12,302.03,299.86,312.87,319.37,377.88,393.05,371.38,334.54,328.04,328.04,328.04,323.7,302.03,296.61,276.03,254.36,235.94,229.44,230.52,225.1,211.02,214.27]}","{""category"":""bed""}"
000000028850.jpg,141894,"{""width"":480,""height"":640}",1,0,"{""name"":""polygon"",""all_points_x"":[8.63,61.84,106.43,103.55,104.99,132.31,165.39,360.99,363.87,360.99,368.18,319.28,2.88],""all_points_y"":[156.32,179.34,176.46,183.65,245.49,236.86,274.26,275.7,303.02,340.41,395.07,540.32,505.81]}","{""category"":""bed""}"
000000489728.jpg,162153,"{""width"":640,""height"":480}",1,0,"{""name"":""polygon"",""all_points_x"":[2.16,26.97,117.57,192,234.07,334.38,325.75,305.26,286.92,276.13,296.63,286.92,282.61,295.55,366.74,364.58,279.37,249.17,223.28,198.47,183.37,174.74,174.74,172.58,3.24,1.08],""all_points_y"":[347.15,318.02,247.91,196.13,174.56,175.64,213.39,214.47,188.58,192.9,218.79,227.42,239.28,294.29,308.31,337.44,389.21,396.76,396.76,408.63,410.79,425.89,459.33,470.11,474.43,414.02]}","{""category"":""bed""}"
000000444304.jpg,86325,"{""width"":640,""height"":429}",1,0,"{""name"":""polygon"",""all_points_x"":[187.99,235.23,250.65,274.75,345.13,283.43,265.11,268.97,305.6,322.96,224.62,48.2,89.66,134.97,166.78,176.42],""all_points_y"":[312.19,301.59,311.23,306.41,332.43,354.61,380.64,397.99,403.77,423.06,423.06,423.06,371,351.72,343.04,324.72]}","{""category"":""bed""}"
000000577077.jpg,117166,"{""width"":640,""height"":480}",1,0,"{""name"":""polygon"",""all_points_x"":[0,96.64,152.48,193.29,213.69,259.87,274.9,287.79,296.38,277.05,255.57,253.42,251.28,248.05,253.42,267.38,274.9,286.71,295.3,315.7,327.52,446.71,460.67,455.3,455.3,453.15,439.19,437.05,418.79,384.43,361.88,351.14,344.7,343.62,360.81,366.17,354.36,338.26,321.07,306.04,311.41,298.52,287.79,279.19,293.15,307.11,321.07,336.11,343.62,361.88,339.33,337.18,342.55,353.29,365.1,373.69,385.5,394.09,403.76,418.79,425.23,429.53,438.12,440.27,447.79,461.74,461.74,471.41,483.22,492.89,496.11,492.89,492.89,501.48,514.36,515.44,517.58,521.88,559.46,569.13,576.64,579.87,592.75,606.71,624.97,640,635.7,640,640,640,640,640,638.93,638.93,638.93,635.7,38.66,1.07],""all_points_y"":[349.1,312.59,292.18,280.37,273.93,256.75,250.31,241.71,234.2,230.98,230.98,225.61,221.31,214.87,199.84,170.84,147.22,128.96,109.63,86.01,80.64,122.52,122.52,151.51,168.69,174.06,181.58,192.32,198.76,209.5,210.57,212.72,219.16,226.68,234.2,238.49,248.16,259.97,291.11,295.41,312.59,313.66,313.66,322.25,342.65,364.13,364.13,355.54,342.65,352.32,369.5,375.94,387.75,402.79,407.08,411.38,401.71,387.75,380.24,395.27,399.57,399.57,383.46,364.13,360.91,363.06,336.21,340.51,342.65,335.14,327.62,314.73,305.07,279.3,251.38,233.12,219.16,215.94,203.06,194.47,185.88,177.28,168.69,165.47,175.14,188.02,229.9,264.26,324.4,334.06,361.98,386.68,416.75,443.59,457.55,471.51,472.59,470.44]}","{""category"":""bed""}"
000000031113.jpg,110358,"{""width"":375,""height"":500}",1,0,"{""name"":""polygon"",""all_points_x"":[328.09,322.47,332.58,338.2,374.16,375,343.82,326.97],""all_points_y"":[34.83,492.13,492.13,440.45,491.01,10.11,14.61,30.34]}","{""category"":""bed""}"
000000379101.jpg,175900,"{""width"":375,""height"":500}",1,0,"{""name"":""polygon"",""all_points_x"":[0,375,373.06,0],""all_points_y"":[0.86,2.16,494.39,493.09]}","{""category"":""bed""}"
000000304941.jpg,144502,"{""width"":640,""height"":480}",1,0,"{""name"":""polygon"",""all_points_x"":[80.62,21.09,635.04,640,482.48,302.64,120.31,114.11,79.38,43.41,52.09,76.9],""all_points_y"":[301.52,480,480,121.67,127.87,131.59,140.27,183.69,198.57,206.01,227.1,260.58]}","{""category"":""bed""}"
000000306395.jpg,118948,"{""width"":640,""height"":480}",2,1,"{""name"":""polygon"",""all_points_x"":[163.32,301.71,451.32,552.31,594.7,576,569.77,523.64,346.6,206.96,133.4,108.47,109.71,147.12],""all_points_y"":[128.42,84.78,86.03,129.66,194.49,246.86,327.9,374.03,426.39,417.66,366.55,269.3,190.75,137.14]}","{""category"":""bed""}"
000000546245.jpg,99645,"{""width"":500,""height"":374}",1,0,"{""name"":""polygon"",""all_points_x"":[5.04,86.57,98.33,140.36,173.97,210.95,237.85,252.98,288.27,304.24,305.08,254.66,249.61,307.6,363.91,379.04,425.27,447.96,500,500,1.68],""all_points_y"":[170.82,172.5,155.69,164.1,148.97,176.7,157.37,167.46,165.78,165.78,216.21,243.94,288.48,296.05,301.93,285.12,289.32,283.44,298.57,367.49,370.85]}","{""category"":""bed""}"
000000282772.jpg,100595,"{""width"":374,""height"":500}",1,0,"{""name"":""polygon"",""all_points_x"":[6.74,46.07,51.69,74.16,89.89,101.12,114.61,121.35,128.09,148.31,161.8,165.17,180.9,216.85,229.21,246.07,278.65,374,374,8.99],""all_points_y"":[238.2,232.58,222.47,237.08,239.33,229.21,226.97,216.85,212.36,231.46,235.96,238.2,232.58,238.2,240.45,234.83,301.12,303.37,491.01,492.13]}","{""category"":""bed""}"
000000516867.jpg,148598,"{""width"":640,""height"":427}",1,0,"{""name"":""polygon"",""all_points_x"":[0.96,51.09,70.36,73.26,92.53,102.17,111.81,110.85,138.8,140.73,145.55,163.86,187.96,261.21,383.63,408.69,400.98,386.52,381.7,372.06,356.64,340.25,268.92,254.47,0.96],""all_points_y"":[207.96,184.82,192.54,205.07,224.34,209.89,217.6,205.07,224.34,205.07,204.1,216.63,240.73,226.27,279.28,324.59,341.94,339.05,358.32,361.22,371.82,371.82,412.3,417.12,420.98]}","{""category"":""bed""}"
000000465130.jpg,53918,"{""width"":640,""height"":224}",1,0,"{""name"":""polygon"",""all_points_x"":[399.06,403.6,407.14,404.11,405.62,491.39,491.89,494.92,495.42,503.5,507.03,504,509.05,523.17,534.27,532.76,532.76,536.29,538.81,539.82,540.83,542.34,548.4,551.42,551.93,551.42,547.39,547.39,556.97,569.59,571.1,580.18,580.18,595.82,598.34,600.36,601.37,599.35,597.33,554.95,518.63,506.02],""all_points_y"":[159.17,140.5,136.97,121.33,118.31,95.6,44.65,45.15,72.4,72.9,71.39,67.86,65.84,58.27,57.26,61.8,67.86,68.86,67.86,58.27,58.27,66.34,70.38,69.87,65.33,64.32,61.3,58.27,59.28,66.85,67.86,69.37,72.4,79.46,45.15,45.15,145.05,146.05,140,221.73,220.72,215.17]}","{""category"":""bed""}"
000000283561.jpg,106501,"{""width"":640,""height"":302}",2,0,"{""name"":""polygon"",""all_points_x"":[122.11,292.63,300.35,300.35,235.79,101.05,69.47,53.33,102.46,117.19],""all_points_y"":[239.96,225.93,209.09,197.86,164.18,169.09,157.86,207.68,207.68,207.68]}","{""category"":""bed""}"
000000283561.jpg,106501,"{""width"":640,""height"":302}",2,1,"{""name"":""polygon"",""all_points_x"":[45.37,56.88,62.3,75.16,102.25,121.88,123.24,197.04,350.75,444.2,526.81,559.31,559.31,80.58,6.77,42.66],""all_points_y"":[234.29,230.9,226.84,232.93,232.93,239.03,246.48,247.83,218.04,253.92,276.27,283.72,296.58,298.61,297.26,234.96]}","{""category"":""bed""}"
000000284028.jpg,193700,"{""width"":640,""height"":354}",1,0,"{""name"":""polygon"",""all_points_x"":[75.91,87.9,99.89,118.27,151.03,184.59,206.97,208.56,230.94,244.52,243.72,268.5,292.47,296.47,335.62,370.78,417.93,425.92,427.52,445.9,454.69,436.31,437.91,473.86,467.47,488.25,524.21,560.17,563.36,78.31],""all_points_y"":[345.01,305.85,264.3,220.35,181.99,158.02,138.04,107.68,98.09,73.32,57.34,51.74,66.13,50.14,51.74,52.54,58.13,56.54,74.12,74.12,68.52,91.7,105.28,116.47,168.41,192.38,237.93,344.21,348.21,349.01]}","{""category"":""bed""}"
000000393421.jpg,113098,"{""width"":281,""height"":500}",1,0,"{""name"":""polygon"",""all_points_x"":[4.51,138.83,161.4,170.43,178.33,156.88,121.9,93.68,63.21,67.72,67.72,28.22,5.64,3.39],""all_points_y"":[311.23,340.58,340.58,283.01,175.79,180.3,171.28,181.43,176.92,209.65,232.22,231.09,225.45,301.07]}","{""category"":""bed""}"
000000194876.jpg,259887,"{""width"":480,""height"":640}",1,0,"{""name"":""polygon"",""all_points_x"":[293.39,283.33,299.15,306.34,303.46,332.22,414.2,428.58,435.78,480,476.04],""all_points_y"":[629.49,541.76,518.75,487.11,465.54,458.35,462.66,469.85,458.35,452.59,629.49]}","{""category"":""bed""}"
000000068198.jpg,193565,"{""width"":640,""height"":439}",1,0,"{""name"":""polygon"",""all_points_x"":[139.1,139.1,227.89,244.66,225.91,2.96,2.96,95.69,133.18,133.18],""all_points_y"":[232.88,232.88,261.49,291.09,295.03,332.52,272.34,258.53,235.84,235.84]}","{""category"":""bed""}"
000000100895.jpg,186330,"{""width"":612,""height"":612}",1,0,"{""name"":""polygon"",""all_points_x"":[5.49,605.14,609.26,609.26,596.91,565.35,537.9,570.83,559.86,529.67,498.11,483.01,462.43,459.69,461.06,428.13,340.3,329.33,312.86,285.42,263.46,249.74,244.25,230.53,193.48,164.66,127.61,108.4,68.61,43.91,39.79,38.42,34.3,34.3,63.12,86.45,109.78,111.15,101.54,101.54,101.54,98.8,83.7,76.84,82.33,93.31,78.22,41.17,60.38,64.49,10.98,10.98,6.86,0],""all_points_y"":[5.49,1.37,24.7,277.18,282.67,285.42,270.32,189.36,161.92,146.83,145.45,149.57,170.15,227.78,253.86,244.25,227.78,227.78,238.76,204.46,204.46,207.2,218.18,236.02,226.41,192.11,170.15,168.78,177.01,203.09,218.18,222.3,241.51,278.56,288.16,304.63,315.61,355.4,410.29,437.73,450.08,478.9,529.67,543.39,568.09,598.28,606.24,589.77,481.37,467.64,318.08,294.75,178.11,6.59]}","{""category"":""bed""}"
000000490694.jpg,176814,"{""width"":612,""height"":612}",1,0,"{""name"":""polygon"",""all_points_x"":[212.75,331.56,457.27,460.04,422.74,421.35,464.18,498.72,523.58,551.21,588.51,612,612,537.4,559.5,570.56,519.44,494.57,464.18,433.79,367.48,374.38,294.26,183.74,151.96,167.16,0,4.14,136.77,215.51],""all_points_y"":[609.93,608.55,612,600.26,575.39,545,564.34,575.39,554.67,536.71,522.89,513.22,339.16,312.91,282.51,268.7,264.56,243.83,239.69,223.11,216.2,230.02,264.56,289.42,288.04,333.63,373.69,612,608.55,608.55]}","{""category"":""bed""}"
000000568893.jpg,112900,"{""width"":640,""height"":430}",1,0,"{""name"":""polygon"",""all_points_x"":[347.87,367.19,565.28,596.2,640,639.69],""all_points_y"":[422.94,368.83,237.41,224.85,232.58,423.91]}","{""category"":""bed""}"
000000491985.jpg,36268,"{""width"":500,""height"":375}",1,0,"{""name"":""polygon"",""all_points_x"":[57.05,15.94,16.78,10.91,7.55,0,1.68,499.16,496.64,459.73,351.51,319.63,277.68,222.32,203.86,165.27,135.91,118.29,113.26,102.35,88.93,52.01,53.69],""all_points_y"":[96.56,120.05,142.7,156.96,176.26,181.29,368.37,366.69,259.31,342.36,353.27,336.49,330.62,322.23,330.62,331.46,321.39,302.93,276.09,189.68,179.61,151.09,128.44]}","{""category"":""bed""}"
000000396432.jpg,113249,"{""width"":640,""height"":428}",2,1,"{""name"":""polygon"",""all_points_x"":[366.7,469.24,639.77,640,0,0,341.06],""all_points_y"":[42.91,7.24,50.71,420.76,422.98,0.56,0.56]}","{""category"":""bed""}"
000000488563.jpg,112947,"{""width"":500,""height"":375}",1,0,"{""name"":""polygon"",""all_points_x"":[263.52,296.55,345.22,366.07,397.36,396.2,414.17,430.39,490.65,500,500,500,500,414.75,173.13,0,0,0,0,0,0,9.74,35.81,82.16,96.07,110.56,111.71,148.22,214.85,221.22,227.02,223.54,206.16,170.23,168.5,147.64,107.66,90.86,88.54,123.88,140.68,140.68,91.44,97.23,115.19,203.84,257.73],""all_points_y"":[320.53,288.66,256.22,235.94,210.44,187.27,172.2,158.3,92.82,87.03,214.5,349.5,375,375,375,375,366.88,223.19,91.08,54,46.47,36.04,30.83,51.68,46.47,38.94,38.36,42.41,57.48,59.22,63.85,69.07,73.12,65.01,75.44,80.65,97.46,107.31,165.83,182.05,211.02,220.29,246.95,260.85,272.44,304.89,324.01]}","{""category"":""bed""}"
000000403639.jpg,184843,"{""width"":640,""height"":480}",1,0,"{""name"":""polygon"",""all_points_x"":[108.19,186.53,238.76,303.42,379.27,421.55,460.1,484.97,507.36,493.68,497.41,472.54,34.82,69.64,104.46,101.97,110.67],""all_points_y"":[419.07,404.15,410.36,404.15,363.11,338.24,313.37,298.45,283.52,327.05,335.75,480,478.76,458.86,432.75,417.82,414.09]}","{""category"":""bed""}"
000000487741.jpg,117155,"{""width"":640,""height"":456}",2,1,"{""name"":""polygon"",""all_points_x"":[312.86,427.37,443.73,421.24,329.22,205.51,5.11,7.16,39.87,112.47,99.17,137,206.53,259.7,316.95],""all_points_y"":[338.37,358.82,419.14,442.66,447.77,446.75,443.68,376.2,350.64,335.3,363.93,389.49,388.47,388.47,373.13]}","{""category"":""bed""}"
000000144635.jpg,71787,"{""width"":640,""height"":423}",1,0,"{""name"":""polygon"",""all_points_x"":[71.42,94.49,110.97,179.09,194.47,217.54,271.38,282.37,290.06,285.66,305.44,323.02,450.47,465.85,458.16,435.09,423,399.93,363.67,351.58,339.5,308.74,53.84,43.95,60.43,64.82,83.5],""all_points_y"":[217.54,197.77,168.1,158.21,146.13,159.31,152.72,145.03,146.13,174.69,173.59,196.67,275.77,359.28,391.14,372.46,386.74,381.25,390.04,396.63,409.82,417.51,416.41,380.15,315.33,231.83,207.65]}","{""category"":""bed""}"
000000149197.jpg,116490,"{""width"":640,""height"":494}",1,0,"{""name"":""polygon"",""all_points_x"":[3.33,159.86,189.83,190.94,184.28,47.73,8.88,1.11],""all_points_y"":[450.37,458.14,333.8,293.84,281.63,274.97,329.36,444.82]}","{""category"":""bed""}"
000000173640.jpg,109755,"{""width"":640,""height"":512}",1,0,"{""name"":""polygon"",""all_points_x"":[163.01,288.14,377.69,452.3,502.82,493.63,453.45,184.83],""all_points_y"":[367.3,268.57,280.05,275.46,375.33,437.32,447.66,444.21]}","{""category"":""bed""}"
000000510681.jpg,184783,"{""width"":640,""height"":480}",1,0,"{""name"":""polygon"",""all_points_x"":[201.53,192.87,176.61,209.12,296.88,344.56,471.33,528.76,546.09,561.26,523.4,374.82,365.53,328.38,289.55,262.53,235.52],""all_points_y"":[217.52,282.53,349.71,472.14,473.23,472.14,436.39,447.22,462.39,443.97,341.26,266.97,222.22,227.29,218.84,224.75,228.98]}","{""category"":""bed""}"
